Champions,SpellId,SpellName,SpellSlot,Airborne,ForcedAction,Root,Sleep,Stasis,Stun,Supression,Polymorph,Slow,Cripple,Ground,Kinematics,Nearsight,Silence,Drowsy,Blind,AutoTargeted,DirectionFixedDistance,LocationTargeted,UnitTargeted,MiniUnitTargeted,TerrainTargeted,Blink,Reset,Execute,Finisher,InvulnerabilityUntargetableVanished,BlockedByChampion,BlockedByMinion,BlocksAuto,BlocksProjectiles,MultipleCharges,MovementsBuff,PointAndClick,NormalShield,MagicShield,SpellShield,PhysicalShield,AutoReset,PhysicalDamage,MagicDamage,TrueDamage,Temp
Aatrox,Aatrox_Passive.png,Deathbringer Stance,P,,,,,,,,,,,,,,,,,,,,,,,,,,,,,,,,,,,,,,,,,,,
Aatrox,AatroxQ,The Darkin Blade,Q,1,,,,,,,,,,,,,,,,,,,,,,,,,,,,,,,1,,,,,,,,1,,,
Aatrox,AatroxW,Infernal Chains,W,1,,,,,,,,1,,,,,,,,,,,,,,,,,,,1,1,,,,,,,,,,,1,,,
Aatrox,AatroxE,Umbral Dash,E,,,,,,,,,,,,,,,,,,,1,,,,,,,,,,,,,,,,,,,,1,,,,
Aatrox,AatroxR,World Ender,R,,,,,,,,,,,,,,,,,,,,,,,,1,,,,,,,,,1,,,,,,,,,,
Ahri,Ahri_SoulEater2.png,Essence Theft,P,,,,,,,,,,,,,,,,,,,,,,,,1,,,,,,,,,,,,,,,,,,,
Ahri,AhriQ,Orb of Deception,Q,,,,,,,,,,,,,,,,,,,,,,,,,,,,,,,,,,,,,,,,,1,1,
Ahri,AhriW,Fox-Fire,W,,,,,,,,,,,,,,,,,,,,,,,,,,,,,,,,,1,,,,,,,,1,,
Ahri,AhriE,Charm,E,,1,,,,,,,,,,,,,,,,,,,,,,,,,,1,1,,,,,,,,,,,,1,,
Ahri,AhriR,Spirit Rush,R,,,,,,,,,,,,,,,,,,,1,,,,,1,,,,,,,,1,,,,,,,,,1,,
Akali,Akali_P.png,Assassin's Mark,P,,,,,,,,,,,,,,,,,,,,,,,,,,,,,,,,,1,,,,,,,,,,
Akali,AkaliQ,Five Point Strike,Q,,,,,,,,,1,,,,,,,,,,,,,,,,,,,,,,,,,,,,,,,,1,,
Akali,AkaliW,Twilight Shroud,W,,,,,,,,,,,,,,,,,,,,,,,,,,,,,,,,,1,,,,,,,,,,
Akali,AkaliE,Shuriken Flip,E,,,,,,,,,,,,,,,,,1,1,,,,,,,,,,1,1,,,,,,,,,,,,1,,
Akali,AkaliR,Perfect Execution,R,,,,,,,,,,,,,,,,,,1,,1,,,,,,1,,,,,,,,1,,,,,,,1,,
Akshan,akshan_p.png,Dirty Fighting,P,,,,,,,,,,,,,,,,,,,,,,,,,,,,,,,,,1,,1,,,,,,,,
Akshan,AkshanQ,Avengerang,Q,,,,,,,,,,,,,,,,,,,,,,,,,,,,,,,,,1,,,,,,,1,,,
Akshan,AkshanW,Going Rogue,W,,,,,,,,,,,,,,,,,,,,,,,,1,,,,,,,,,1,,,,,,,,,,
Akshan,AkshanE,Heroic Swing,E,,,,,,,,,,,,,,,,,,1,,,,,,1,,,,,,,,,,,,,,,,1,,,
Akshan,AkshanR,Comeuppance,R,,,,,,,,,,,,,,,,,,,,,,,,,,1,,1,1,,,,,1,,,,,,1,,,
Alistar,Alistar_E.png,Triumphant Roar,P,,,,,,,,,,,,,,,,,,,,,,,,,,,,,,,,,,,,,,,,,,,
Alistar,Pulverize,Pulverize,Q,1,,,,,1,,,,,,,,,,,,,,,,,,,,,,,,,,,,,,,,,,,1,,
Alistar,Headbutt,Headbutt,W,1,,,,,1,,,,,,,,,,,,,,1,,,,,,,,,,,,,,1,,,,,,,1,,
Alistar,AlistarE,Trample,E,,,,,,1,,,,,,,,,,,,,,,,,,,,,,,,,,,,,,,,,,,1,,
Alistar,FerociousHowl,Unbreakable Will,R,,,,,,,,,,,,,,,,,,,,,,,,,,,,,,,1,,,,,,,,,,,,
Ambessa,Icon_Ambessa_Passive.png,Drakehound's Step,P,,,,,,,,,,,,,,,,,,1,,,,,,,,,,,,,,,,,,,,,,,,,
Ambessa,AmbessaQ,Cunning Sweep / Sundering Slam,Q,,,,,,,,,,,,,,,,,,,,,,,,,,,,,,,,,,,,,,,,1,,,
Ambessa,AmbessaW,Repudiation,W,,,,,,,,,,,,,,,,,,,,,,,,,,,,,,,,,,,1,,,,,1,,,
Ambessa,AmbessaE,Lacerate,E,,,,,,,,,1,,,,,,,,,1,,,,,,,,,,,,,,,,,,,,,,1,,,
Ambessa,AmbessaR,Public Execution,R,,,,,,1,,,,,,,,,,,,,,,,,1,,,,,,,,,,,,,,,,,1,,,
Amumu,Amumu_Passive.png,Cursed Touch,P,,,,,,,,,,,,,,,,,,,,,,,,,,,,,,,,,,,,,,,,,,,
Amumu,BandageToss,Bandage Toss,Q,,,,,,1,,,,,,,,,,,1,,,,,,,,,,,1,1,,,1,,,,,,,,,1,,
Amumu,AuraofDespair,Despair,W,,,,,,,,,,,,,,,,,,,,,,,,,,,,,,,,,,,,,,,,,1,,
Amumu,Tantrum,Tantrum,E,,,,,,,,,,,,,,,,,,,,,,,,,,,,,,,,,,,,,,,,,1,,
Amumu,CurseoftheSadMummy,Curse of the Sad Mummy,R,,,,,,1,,,,,,,,,,,,,,,,,,,,,,,,,,,,,,,,,,,1,,
Anivia,Anivia_P.png,Rebirth,P,,,,,,,,,,,,,,,,,,,,,,,,,,,,,,,,,,,,,,,,,,,
Anivia,FlashFrost,Flash Frost,Q,,,,,,1,,,,,,,,,,,,,,,,,,,,,,,,,,,,,,,,,,,1,,
Anivia,Crystallize,Crystallize,W,,,,,,,,,,,,,,,,,,,,,,,,,,,,,,,,,,,,,,,,,,,
Anivia,Frostbite,Frostbite,E,,,,,,,,,,,,,,,,,,,,,,,,,,,,,,,,,,1,,,,,,,1,,
Anivia,GlacialStorm,Glacial Storm,R,,,,,,,,,1,,,,,,,,,,,,,,,,,,,,,,,,,,,,,,,,1,,
Annie,Annie_Passive.png,Pyromania,P,,,,,,1,,,,,,,,,,,,,,,,,,,,,,,,,,,,,,,,,,,,,
Annie,AnnieQ,Disintegrate,Q,,,,,,,,,,,,,,,,,,,,,,,,,,,,,,,,,,1,,,,,,,1,,
Annie,AnnieW,Incinerate,W,,,,,,,,,,,,,,,,,,,,,,,,,,,,,,,,,,,,,,,,,1,,
Annie,AnnieE,Molten Shield,E,,,,,,,,,,,,,,,,,,,,,,,,,,,,,,,,,1,1,1,,,,,,1,,
Annie,AnnieR,Summon: Tibbers,R,,,,,,,,,,,,,,,,,,,,,,,,,,,,,,,,,,,,,,,,,1,,
Aphelios,ApheliosP.png,The Hitman and the Seer,P,,,,,,,,,1,,,,,,,,,,,,,,,,,,,,,,,,,,1,,,,,,,,
Aphelios,ApheliosQ_ClientTooltipWrapper,Weapon Abilites,Q,,,1,,,,,,,,,,,,,,,,,,,,,,,,,,,,,,,,,,,,,,,,
Aphelios,ApheliosW,Phase,W,,,,,,,,,,,,,,,,,,,,,,,,,,,,,,,,,,,,,,,,,,,
Aphelios,ApheliosE_ClientTooltipWrapper,Weapon Queue System,E,,,,,,,,,,,,,,,,,,,,,,,,,,,,,,,,,,,,,,,,,,,
Aphelios,ApheliosR,Moonlight Vigil,R,,,,,,,,,,,,,,,,,,,,,,,,,,,,,,,,,,,,,,,,1,,,
Ashe,Ashe_P.png,Frost Shot,P,,,,,,,,,1,,,,,,,,,,,,,,,,,,,,,,,,,,,,,,,,,,
Ashe,AsheQ,Ranger's Focus,Q,,,,,,,,,,,,,,,,,,,,,,,,,,,,,,,,,,,,,,,1,1,,,
Ashe,Volley,Volley,W,,,,,,,,,,,,,,,,,,,,,,,,,,,,1,1,,,,,,,,,,,1,,,
Ashe,AsheSpiritOfTheHawk,Hawkshot,E,,,,,,,,,,,,,,,,,,,,,,,,,,,,,,,,1,,,,,,,,,,,
Ashe,EnchantedCrystalArrow,Enchanted Crystal Arrow,R,,,,,,1,,,,,,,,,,,,,,,,,,,,,,1,,,,,,,,,,,,,1,,
Aurelion Sol,AurelionSolP.png,Cosmic Creator,P,,,,,,,,,,,,,,,,,,,,,,,,,,,,,,,,,,,,,,,,,,,
Aurelion Sol,AurelionSolQ,Breath of Light,Q,,,,,,,,,,,,,,,,,,,,,,,,,,,,1,1,,,,,,,,,,,,1,,
Aurelion Sol,AurelionSolW,Astral Flight,W,,,,,,,,,,,,,,,,,,1,,,,,,1,,,,,,,,,,,,,,,,,,,
Aurelion Sol,AurelionSolE,Singularity,E,,,,,,,,,,,,1,,,,,,,,,,,,,1,,,,,,,,,,,,,,,,1,,
Aurelion Sol,AurelionSolR,Falling Star / The Skies Descend,R,1,,,,,1,,,1,,,,,,,,,,,,,,,,,,,,,,,,,,,,,,,,1,,
Aurora,AuroraPassive.png,Spirit Abjuration,P,,,,,,,,,,,,,,,,,,,,,,,,,,,,,,,,,,,,,,,,,,,
Aurora,AuroraQ,Twofold Hex,Q,,,,,,,,,,,,,,,,,,,,,,,,,,,,,,,,,,,,,,,,,1,,
Aurora,AuroraW,Across the Veil,W,,,,,,,,,,,,,,,,,,1,,,,,,1,,,,,,,,,1,,,,,,,,,,
Aurora,AuroraE,The Weirding,E,,,,,,,,,1,,,,,,,,,1,,,,,,,,,,,,,,,,,,,,,,,1,,
Aurora,AuroraR,Between Worlds,R,,,,,,,,,1,,,,,,,,1,1,,,,,,,,,,,,,,,1,,,,,,,,1,,
Azir,Azir_Passive.png,Shurima's Legacy,P,,,,,,,,,,,,,,,,,,,,,,,,,,,,,,,,,,1,,,,,,,,,
Azir,AzirQWrapper,Conquering Sands,Q,,,,,,,,,1,,,,,,,,,,,,,,,,,,,,,,,,,,,,,,,,1,,
Azir,AzirW,Arise!,W,,,,,,,,,,,,,,,,,,,,,,,,,,,,,,,,1,,,,,,,,,1,,
Azir,AzirEWrapper,Shifting Sands,E,,,,,,,,,,,,,,,,,,,,1,,,,,,,,,,,,,,1,1,,,,,,1,,
Azir,AzirR,Emperor's Divide,R,1,,,,,,,,,,,,,,,,,,,,,,,,,,,,,,,,,,,,,,,,1,,
Bard,Bard_Passive.png,Traveler's Call,P,,,,,,,,,1,,,,,,,,,,,,,,,,,,,,,,,,1,,,,,,,,,,
Bard,BardQ,Cosmic Binding,Q,,,,,,1,,,1,,,,,,,,,,,,,,,,,,,1,1,,,,,,,,,,,,1,,
Bard,BardW,Caretaker's Shrine,W,,,,,,,,,,,,,,,,,,,,,,,,,,,,,,,,1,1,1,,,,,,,,,
Bard,BardE,Magical Journey,E,,,,,,,,,,,,,,,,,1,,,,,,,,,,,,,,,,,,,,,,,,,,
Bard,BardR,Tempered Fate,R,,,,,1,,,,,,,,,,,,,,,,,,,,,,1,,,,,,,,,,,,,,,,
Bel'Veth,Belveth_Passive.png,Death in Lavender,P,,,,,,,,,,,,,,,,,,,,,,,,1,,,,,,,,,,,,,,,,,,,
Bel'Veth,BelvethQ,Void Surge,Q,,,,,,,,,,,,,,,,,,1,,,,,,,,,,,,,,,,,,,,,1,1,,,
Bel'Veth,BelvethW,Above and Below,W,1,,,,,,,,1,,,,,,,,,,,,,,,,,,,,,,,,,,,,,,,,1,,
Bel'Veth,BelvethE,Royal Maelstrom,E,,,,,,,,,,,,,,,,,,,,,,,,,,1,,,,,,,,,,,,,,1,,,
Bel'Veth,BelvethR,Endless Banquet,R,,,,,,,,,,,,,,,,,,,,1,,,,1,,1,,,,,,,1,1,,,,,,,,1,
Blitzcrank,Blitzcrank_ManaBarrier.png,Mana Barrier,P,,,,,,,,,,,,,,,,,,,,,,,,,,,,,,,,,,,1,,,,,,,,
Blitzcrank,RocketGrab,Rocket Grab,Q,1,,,,,1,,,,,,,,,,,,,,,,,,,,,,1,1,,,,,,,,,,,,1,,
Blitzcrank,Overdrive,Overdrive,W,,,,,,,,,,,,,,,,,,,,,,,,,,,,,,,,,,,,,,,,,,,
Blitzcrank,PowerFist,Power Fist,E,1,,,,,,,,,,,,,,,,,,,,,,,,,,,,,,,,,1,,,,,1,1,,,
Blitzcrank,StaticField,Static Field,R,,,,,,,,,,,,,,1,,,,,,,,,,,,,,,,,,,,,,,,,,,1,,
Brand,BrandP.png,Blaze,P,,,,,,,,,,,,,,,,,,,,,,,,,,,,,,,,,,,,,,,,,,,
Brand,BrandQ,Sear,Q,,,,,,1,,,,,,,,,,,,,,,,,,,,,,1,1,,,,,,,,,,,,1,,
Brand,BrandW,Pillar of Flame,W,,,,,,,,,,,,,,,,,,,,,,,,,,,,,,,,,,,,,,,,,1,,
Brand,BrandE,Conflagration,E,,,,,,,,,,,,,,,,,,,,,,,,,,,,,,,,,,1,,,,,,,1,,
Brand,BrandR,Pyroclasm,R,,,,,,,,,1,,,,,,,,,,,,,,,,,,,,,,,,,1,,,,,,,1,,
Braum,Braum_Passive.png,Concussive Blows,P,,,,,,1,,,,,,,,,,,,,,,,,,,,,,,,,,,,,,,,,,,,,
Braum,BraumQ,Winter's Bite,Q,,,,,,,,,1,,,,,,,,,,,,,,,,,,,1,1,,,,,,,,,,,,1,,
Braum,BraumW,Stand Behind Me,W,,,,,,,,,,,,,,,,,,,,1,,,,,,,,,,,,,,1,,,,,,,,,
Braum,BraumE,Unbreakable,E,,,,,,,,,,,,,,,,,,,,,,,,,,,,,,,,,1,,,,,,,,,,
Braum,BraumRWrapper,Glacial Fissure,R,1,,,,,,,,1,,,,,,,,,,,,,,,,,,,,,,,,,,,,,,,,1,,
Briar,BriarP.png,Crimson Curse,P,,,,,,,,,,,,,,,,,,,,,,,,,,,,,,,,,,,,,,,,,,,
Briar,BriarQ,Head Rush,Q,,,,,,1,,,,,,,,,,,,,,,1,,,,,,,,,,,,,1,,,,,1,1,,,
Briar,BriarW,Blood Frenzy / Snack Attack,W,,,,,,,,,,,,,,,,,,,1,,,,,,,1,,,,,,,1,,,,,,1,1,,,
Briar,BriarE,Chilling Scream,E,1,,,,,1,,,1,,,,,,,,,,,,,,,,,,,,,,,,,,,,,,,,1,,
Briar,BriarR,Certain Death,R,,,,,,,,,,,,,,,,,1,,,,,,,,,,,1,,,,,,,,,,,,,1,,
Caitlyn,Caitlyn_Headshot.png,Headshot,P,,,,,,,,,,,,,,,,,,,,,,,,,,,,,,,,,,,,,,,,,,,
Caitlyn,CaitlynQ,Piltover Peacemaker,Q,,,,,,,,,,,,,,,,,,,,,,,,,,,,,,,,,,,,,,,,1,,,
Caitlyn,CaitlynW,Yordle Snap Trap,W,,,1,,,,,,,,,,,,,,,,,,,,,,,,,,,,,1,,,,,,,,1,,,
Caitlyn,CaitlynE,90 Caliber Net,E,,,,,,,,,1,,,,,,,,,1,,,,,,,,,,1,1,,,,,,,,,,,,1,,
Caitlyn,CaitlynR,Ace in the Hole,R,,,,,,,,,,,,,,,,,,,,,,,,,,,,1,,,,,,1,,,,,,1,,,
Camille,Camille_Passive.png,Adaptive Defenses,P,,,,,,,,,,,,,,,,,,,,,,,,,,,,,,,,,,,,1,,1,,,,,
Camille,CamilleQ,Precision Protocol,Q,,,,,,,,,,,,,,,,,,,,,,,,,,,,,,,,,1,,,,,,1,1,,1,
Camille,CamilleW,Tactical Sweep,W,,,,,,,,,1,,,,,,,,,,,,,,,,,,,,,,,,,,,,,,,1,,,
Camille,CamilleE,Hookshot,E,1,,,,,1,,,,,,,,,,,,1,,,,1,,,,,,1,,,,,,,,,,,,1,,,
Camille,CamilleR,The Hextech Ultimatum,R,1,,,,,,,,,,,,,,,,,,,,1,,,,,,1,,,,,,,1,,,,,,,1,,
Cassiopeia,Cassiopeia_Passive.png,Serpentine Grace,P,,,,,,,,,,,,,,,,,,,,,,,,,,,,,,,,,1,,,,,,,,,,
Cassiopeia,CassiopeiaQ,Noxious Blast,Q,,,,,,,,,,,,,,,,,,,,,,,,,,,,,,,,,1,,,,,,,,1,,
Cassiopeia,CassiopeiaW,Miasma,W,,,,,,,,,1,,1,,,,,,,,,,,,,,,,,,,,,,,,,,,,,,1,,
Cassiopeia,CassiopeiaE,Twin Fang,E,,,,,,,,,,,,,,,,,,,,,,,,,,,,,,,,,,1,,,,,,,1,,
Cassiopeia,CassiopeiaR,Petrifying Gaze,R,,,,,,1,,,1,,,,,,,,,,,,,,,,,,,,,,,,,,,,,,,,1,,
Cho'Gath,GreenTerror_TailSpike.png,Carnivore,P,,,,,,,,,,,,,,,,,,,,,,,,,,,,,,,,,,,,,,,,,,,
Cho'Gath,Rupture,Rupture,Q,1,,,,,,,,1,,,,,,,,,,,,,,,,,,,,,,,,,,,,,,,,1,,
Cho'Gath,FeralScream,Feral Scream,W,,,,,,,,,,,,,,1,,,,,,,,,,,,,,,,,,,,,,,,,,,1,,
Cho'Gath,VorpalSpikes,Vorpal Spikes,E,,,,,,,,,1,,,,,,,,,,,,,,,,,,,,,,,,,,,,,,1,,1,,
Cho'Gath,Feast,Feast,R,,,,,,,,,,,,,,,,,,,,,,,,,,,,,,,,,,1,,,,,,,,1,
Corki,Corki_RapidReload.png,Hextech Munitions,P,,,,,,,,,,,,,,,,,,,,,,,,,,,,,,,,,,,,,,,,,,,
Corki,PhosphorusBomb,Phosphorus Bomb,Q,,,,,,,,,,,,,,,,,,,,,,,,,,,,,,,,,,,,,,,,,1,,
Corki,CarpetBomb,Valkyrie,W,,,,,,,,,,,,,,,,,,,1,,,,,,,,,,,,,,,,,,,,,,1,,
Corki,GGun,Gatling Gun,E,,,,,,,,,,,,,,,,,,,,,,,,,,,,,,,,,,,,,,,,1,,,
Corki,MissileBarrage,Missile Barrage,R,,,,,,,,,,,,,,,,,,,,,,,,,,,,1,1,,,1,,,,,,,,1,,,
Darius,Darius_Icon_Hemorrhage.png,Hemorrhage,P,,,,,,,,,,,,,,,,,,,,,,,,,,,,,,,,,,,,,,,,,,,
Darius,DariusCleave,Decimate,Q,,,,,,,,,,,,,,,,,,,,,,,,,,,,,,,,,,,,,,,,1,,,
Darius,DariusNoxianTacticsONH,Crippling Strike,W,,,,,,,,,1,,,,,,,,,,,,,,,,,,,,,,,,,,,,,,1,1,,,
Darius,DariusAxeGrabCone,Apprehend,E,1,,,,,,,,1,,,,,,,,,,,,,,,,,,,,,,,,,,,,,,,,,,
Darius,DariusExecute,Noxian Guillotine,R,,,,,,,,,,,,,,,,,,,,,,,,,,,,,,,,,,1,,,,,,,,1,
Diana,Diana_Passive_LunarBlade.png,Moonsilver Blade,P,,,,,,,,,,,,,,,,,,,,,,,,,,,,,,,,,,,,,,,,,,,
Diana,DianaQ,Crescent Strike,Q,,,,,,,,,,,,,,,,,,,,,,,,,,,,,,,,,,,,,,,,,1,,
Diana,DianaOrbs,Pale Cascade,W,,,,,,,,,,,,,,,,,,,,,,,,,,,,,,,,,,,1,,,,,,1,,
Diana,DianaTeleport,Lunar Rush,E,,,,,,,,,,,,,,,,,,,,1,,,,,,,,,,,,,,1,,,,,,,1,,
Diana,DianaR,Moonfall,R,1,,,,,,,,1,,,,,,,,,,,,,,,,,,,,,,,,,,,,,,,,1,,
Dr. Mundo,DrMundo_P.png,Goes Where He Pleases,P,,,,,,,,,,,,,,,,,,,,,,,,,,,,,,,,,,,,,,,,,,,
Dr. Mundo,DrMundoQ,Infected Bonesaw,Q,,,,,,,,,1,,,,,,,,,,,,,,,,,,,1,1,,,,,,,,,,,,1,,
Dr. Mundo,DrMundoW,Heart Zapper,W,,,,,,,,,,,,,,,,,,,,,,,,,,,,,,,,,,,,,,,,,1,,
Dr. Mundo,DrMundoE,Blunt Force Trauma,E,,,,,,,,,,,,,,,,,,,,,,,,,,,,,,,,,,,,,,,1,1,,,
Dr. Mundo,DrMundoR,Maximum Dosage,R,,,,,,,,,,,,,,,,,,,,,,,,,,,,,,,,,1,,,,,,,,,,
Draven,Draven_passive.png,League of Draven,P,,,,,,,,,,,,,,,,,,,,,,,,,,,,,,,,,,,,,,,,,,,
Draven,DravenSpinning,Spinning Axe,Q,,,,,,,,,,,,,,,,,,,,,,,,,,,,,,,,,,,,,,,,1,,,
Draven,DravenFury,Blood Rush,W,,,,,,,,,,,,,,,,,,,,,,,,,,,,,,,,,1,,,,,,,,,,
Draven,DravenDoubleShot,Stand Aside,E,1,,,,,,,,1,,,,,,,,,,,,,,,,,,,,,,,,,,,,,,,1,,,
Draven,DravenRCast,Whirling Death,R,,,,,,,,,,,,,,,,,,,,,,,,,1,,,1,,,,,,,,,,,,1,,,
Ekko,Ekko_P.png,Z-Drive Resonance,P,,,,,,,,,,,,,,,,,,,,,,,,,,,,,,,,,1,,,,,,,,,,
Ekko,EkkoQ,Timewinder,Q,,,,,,,,,1,,,,,,,,,,,,,,,,,,,1,1,,,,,,,,,,,,1,,
Ekko,EkkoW,Parallel Convergence,W,,,,,,1,,,1,,,,,,,,,,,,,,,,,1,,,,,,,,,1,,,,,,1,,
Ekko,EkkoE,Phase Dive,E,,,,,,,,,,,,,,,,,,1,,,,,1,,,,,,,,,,,,,,,,1,,1,,
Ekko,EkkoR,Chronobreak,R,,,,,,,,,,,,,,,,,1,,,,,,,,,,1,,,,,,,,,,,,,,1,,
Elise,ElisePassive.png,Spider Queen,P,,,,,,,,,,,,,,,,,,,,,,,,,,,,,,,,,1,,,,,,,,,,
Elise,EliseHumanQ,Neurotoxin / Venomous Bite,Q,,,,,,,,,,,,,,,,,,,,,1,,,,,,,,,,,,,1,,,,,,,1,,
Elise,EliseHumanW,Volatile Spiderling / Skittering Frenzy,W,,,,,,,,,,,,,,,,,,,,,,,,,,,,1,1,,,,,,,,,,1,,1,,
Elise,EliseHumanE,Cocoon / Rappel,E,,,,,,1,,,,,,,,,,,,,,,,,1,,,,1,1,1,,,,,1,,,,,,,,,
Elise,EliseR,Spider Form,R,,,,,,,,,,,,,,,,,,,,,,,,,,,,,,,,,,,,,,,,,,,
Evelynn,Evelynn_Passive.png,Demon Shade,P,,,,,,,,,,,,,,,,,,,,,,,,,,,,,,,,,,,,,,,,,,,
Evelynn,EvelynnQ,Hate Spike,Q,,,,,,,,,,,,,,,,,,,,,,,,,,,,1,1,,,1,,,,,,,,,1,,
Evelynn,EvelynnW,Allure,W,,1,,,,,,,1,,,,,,,,,,,,,,,,,,,,,,,,,1,,,,,,,1,,
Evelynn,EvelynnE,Whiplash,E,,,,,,,,,,,,,,,,,,,,,1,,,,,,,,,,,,1,1,,,,,,,1,,
Evelynn,EvelynnR,Last Caress,R,,,,,,,,,,,,,,,,,,,,,,,1,,,,1,,,,,,,,,,,,,,1,,
Ezreal,Ezreal_RisingSpellForce.png,Rising Spell Force,P,,,,,,,,,,,,,,,,,,,,,,,,,,,,,,,,,,,,,,,,,,,
Ezreal,EzrealQ,Mystic Shot,Q,,,,,,,,,,,,,,,,,,,,,,,,,,,,1,1,,,,,,,,,,,1,,,
Ezreal,EzrealW,Essence Flux,W,,,,,,,,,,,,,,,,,,,,,,,,,,,,1,,,,,,,,,,,,,1,,
Ezreal,EzrealE,Arcane Shift,E,,,,,,,,,,,,,,,,,,,,,,,1,,,,,,,,,,,,,,,,,,1,,
Ezreal,EzrealR,Trueshot Barrage,R,,,,,,,,,,,,,,,,,,,,,,,,,,,,,,,,,,,,,,,,,1,,
Fiddlesticks,FiddlesticksP.png,A Harmless Scarecrow,P,,,,,,,,,,,,,,,,,,,,,,,,,,,,,,,,,,,,,,,,,,,
Fiddlesticks,FiddleSticksQ,Terrify,Q,,1,,,,,,,1,,,,,,,,,,,,,,,,,,,,,,,,,1,,,,,,,1,,
Fiddlesticks,FiddleSticksW,Bountiful Harvest,W,,,,,,,,,,,,,,,,,,,,,,,,,,,,,,,,,,,,,,,,,1,,
Fiddlesticks,FiddleSticksE,Reap,E,,,,,,,,,,,,,,,,,,,,,,,,,,,,,,,,,,,,,,,,,1,,
Fiddlesticks,FiddleSticksR,Crowstorm,R,,,,,,,,,1,,,,,,,,,,,,,,1,,,,,,,,,,,,,,,,,,1,,
Fiora,Fiora_P.png,Duelist's Dance,P,,,,,,,,,,,,,,,,,,,,,,,,,,,,,,,,,1,,,,,,,,,,
Fiora,FioraQ,Lunge,Q,,,,,,,,,,,,,,,,,,,1,,,,,,,,,,,,,,,,,,,,,1,,,
Fiora,FioraW,Riposte,W,,,,,,1,,,1,1,,,,,,,,,,,,,,,,,1,1,,,,,,,,,,,,,1,,
Fiora,FioraE,Bladework,E,,,,,,,,,1,,,,,,,,,,,,,,,,,,,,,,,,,,,,,,1,1,,,
Fiora,FioraR,Grand Challenge,R,,,,,,,,,,,,,,,,,,,,,,,,,,,,,,,,,1,1,,,,,,,,1,
Fizz,Fizz_P.png,Nimble Fighter,P,,,,,,,,,,,,,,,,,,,,,,,,,,,,,,,,,,,,,,,,,,,
Fizz,FizzQ,Urchin Strike,Q,,,,,,,,,,,,,,,,,,,,1,,,,,,,,,,,,,,1,,,,,,1,1,,
Fizz,FizzW,Seastone Trident,W,,,,,,,,,,,,,,,,,,,,,,,,,,,,,,,,,,,,,,,1,,1,,
Fizz,FizzE,Playful / Trickster,E,,,,,,,,,1,,,,,,,,,,1,,,,,,,,1,,,,,,,,,,,,,,1,,
Fizz,FizzR,Chum the Waters,R,1,,,,,,,,1,,,,,,,,,,,,,,,,,,,1,,,,,,,,,,,,,1,,
Galio,Galio_Passive.png,Colossal Smash,P,,,,,,,,,,,,,,,,,,,,,,,,,,,,,,,,,,,,,,,,,,,
Galio,GalioQ,Winds of War,Q,,,,,,,,,,,,,,,,,,,,,,,,,,,,,,,,,,,,,,,,,1,,
Galio,GalioW,Shield of Durand,W,,1,,,,,,,1,,,,,,,,,,,,,,,,,,,,,,,,,,,1,,,,,1,,
Galio,GalioE,Justice Punch,E,1,,,,,,,,,,,,,,,,,1,,,,,,,,,,1,,,,,,,,,,,,,1,,
Galio,GalioR,Hero's Entrance,R,1,,,,,,,,,,,,,,,,,,,1,,,,,,,1,,,,,,,1,,1,,,,,1,,
Gangplank,Gangplank_Passive.png,Trial by Fire,P,,,,,,,,,,,,,,,,,,,,,,,,,,,,,,,,,1,,,,,,,,,,
Gangplank,GangplankQWrapper,Parrrley,Q,,,,,,,,,,,,,,,,,,,,,,,,,,,,,,,,,,1,,,,,,,,,
Gangplank,GangplankW,Remove Scurvy,W,,,,,,,,,,,,,,,,,,,,,,,,,,,,,,,,,,,,,,,,,,,
Gangplank,GangplankE,Powder Keg,E,,,,,,,,,1,,,,,,,,,,,,,,,,,,,,,,,,,,,,,,,1,,,
Gangplank,GangplankR,Cannon Barrage,R,,,,,,,,,1,,,,,,,,,,,,,,,,,,,,,,,,,,,,,,,,1,1,
Garen,Garen_Passive.png,Perseverance,P,,,,,,,,,,,,,,,,,,,,,,,,,,,,,,,,,,,,,,,,,,,
Garen,GarenQ,Decisive Strike,Q,,,,,,,,,,,,,,1,,,,,,,,,,,,,,,,,,,1,,,,,,1,1,,,
Garen,GarenW,Courage,W,,,,,,,,,,,,,,,,,,,,,,,,,,,,,,,,,,,1,,,,,,,,
Garen,GarenE,Judgment,E,,,,,,,,,,,,,,,,,,,,,,,,,,,,,,,,,,,,,,,,1,,,
Garen,GarenR,Demacian Justice,R,,,,,,,,,,,,,,,,,,,,,,,,,,1,,,,,,,,1,,,,,,,,1,
Gnar,Gnar_Passive.png,Rage Gene,P,,,,,,,,,,,,,,,,,,,,,,,,,,,,,,,,,1,,,,,,,,,,
Gnar,GnarQ,Boomerang Throw / Boulder Toss,Q,,,,,,,,,1,,,,,,,,,,,,,,,,,,,1,1,,,,,,,,,,,1,,,
Gnar,GnarW,Hyper / Wallop,W,,,,,,1,,,,,,,,,,,,,,,,,,,,,,,,,,,,,,,,,,,1,,
Gnar,GnarE,Hop / Crunch,E,,,,,,,,,1,,,,,,,,,,1,,,,,,,,,,,,,,,,,,,,,1,,,
Gnar,GnarR,GNAR!,R,1,,,,,1,,,,,,,,,,,,,,,,,,,,,,,,,,,,,,,,,,1,,,
Gragas,GragasPassiveHeal.png,Happy Hour,P,,,,,,,,,,,,,,,,,,,,,,,,,,,,,,,,,,,,,,,,,,,
Gragas,GragasQ,Barrel Roll,Q,,,,,,,,,1,,,,,,,,,,,,,,,,,,,,,,,,,,,,,,,,1,,
Gragas,GragasW,Drunken Rage,W,,,,,,,,,,,,,,,,,,,,,,,,,,,,,,,,,,,,,,,,,1,,
Gragas,GragasE,Body Slam,E,1,,,,,1,,,,,,,,,,,,,1,,,,,,,,,1,1,,,,,,,,,,,,1,,
Gragas,GragasR,Explosive Cask,R,1,,,,,,,,,,,,,,,,,,,,,,,,,,,,,,,,,,,,,,,,1,,
Graves,GravesTrueGrit.png,New Destiny,P,,,,,,,,,,,,,,,,,,,,,,,,,,,,,,,,1,,,,,,,,,,,
Graves,GravesQLineSpell,End of the Line,Q,,,,,,,,,,,,,,,,,,,,,,,,,,,,,,,,,,,,,,,,1,,,
Graves,GravesSmokeGrenade,Smoke Screen,W,,,,,,,,,1,,,,1,,,,,,,,,,,,,,,,,,,,,,,,,,,,1,,
Graves,GravesMove,Quickdraw,E,,,,,,,,,,,,,,,,,,,1,,,,,,,,,,,,,,,,,,,,1,,,,
Graves,GravesChargeShot,Collateral Damage,R,,,,,,,,,,,,,,,,,,1,,,,,,,,,,1,,,,,,,,,,,,1,,,
Gwen,Gwen_Passive.png,A Thousand Cuts,P,,,,,,,,,,,,,,,,,,,,,,,,,,,,,,,,,,,,,,,,,,,
Gwen,GwenQ,Snip Snip!,Q,,,,,,,,,,,,,,,,,,,,,,,,,,,,,,,,,,,,,,,,,1,1,
Gwen,GwenW,Hallowed Mist,W,,,,,,,,,,,,,,,,,,,,,,,,,,,1,,,,,,,,,,,,,,,,
Gwen,GwenE,Skip 'n Slash,E,,,,,,,,,,,,,,,,,,,1,,,,,,,,,,,,,,,,,,,,1,,1,,
Gwen,GwenR,Needlework,R,,,,,,,,,1,,,,,,,,,,,,,,,,,,,,,,,1,,,,,,,,,1,,
Hecarim,Hecarim_Passive.png,Warpath,P,,,,,,,,,,,,,,,,,,,,,,,,,,,,,,,,,,,,,,,,,,,
Hecarim,HecarimRapidSlash,Rampage,Q,,,,,,,,,,,,,,,,,,,,,,,,,,,,,,,,,,,,,,,,1,,,
Hecarim,HecarimW,Spirit of Dread,W,,,,,,,,,,,,,,,,,,,,,,,,,,,,,,,,,,,,,,,,,1,,
Hecarim,HecarimRamp,Devastating Charge,E,1,,,,,1,,,,,,,,,,,,,,,1,,,,,,,,,,,,,,,,,,1,1,,,
Hecarim,HecarimUlt,Onslaught of Shadows,R,,1,,,,,,,1,,,,,,,,,,1,,,,,,,,,,,,,,,,,,,,,,1,,
Heimerdinger,Heimerdinger_Passive.png,Hextech Affinity,P,,,,,,,,,,,,,,,,,,,,,,,,,,,,,,,,,1,,,,,,,,,,
Heimerdinger,HeimerdingerQ,H-28 G Evolution Turret,Q,,,,,,,,,,,,,,,,,,,,,,,,,,,,,,,,1,,,,,,,,,,,
Heimerdinger,HeimerdingerW,Hextech Micro-Rockets,W,,,,,,,,,,,,,,,,,,,,,,,,,,,,1,1,,,,,,,,,,,,1,,
Heimerdinger,HeimerdingerE,CH-2 Electron Storm Grenade,E,,,,,,1,,,1,,,,,,,,,,,,,,,,,,,,,,,,,,,,,,,,1,,
Heimerdinger,HeimerdingerR,UPGRADE!!!,R,,,,,,1,,,1,,,,,,,,,,,,,,,,,,,,,,,,,,,,,,,,1,,
Hwei,HweiPassive.png,Signature of the Visionary,P,,,,,,,,,,,,,,,,,,,,,,,,,,,,,,,,,,,,,,,,,,,
Hwei,HweiQ,Subject: Disaster,Q,,,,,,,,,1,,,,,,,,,,,,,,,,,1,,1,1,,,,,,,,,,,,1,,
Hwei,HweiW,Subject: Serenity,W,,,,,,,,,,,,,,,,,,,,,,,,,,,,,,,,,1,,1,,,,,,1,,
Hwei,HweiE,Subject: Torment,E,1,1,1,,,,,,,,,,,,,,,,,,,,,,,,,1,1,,,,,,,,,,,,1,,
Hwei,HweiR,Spiraling Despair,R,,,,,,,,,1,,,,,,,,,,,,,,,,,,,1,,,,,,,,,,,,,1,,
Illaoi,Illaoi_P.png,Prophet of an Elder God,P,,,,,,,,,,,,,,,,,,,,,,,,,,,,,,,,,,,,,,,,,,,
Illaoi,IllaoiQ,Tentacle Smash,Q,,,,,,,,,,,,,,,,,,,,,,,,,,,,,,,,,,,,,,,,1,,,
Illaoi,IllaoiW,Harsh Lesson,W,,,,,,,,,,,,,,,,,,,,,1,,,,,,,,,,,,,,,,,,1,1,,,
Illaoi,IllaoiE,Test of Spirit,E,,,,,,,,,1,,,,,,,,,,,,,,,,,,,1,1,,,,,,,,,,,,,,
Illaoi,IllaoiR,Leap of Faith,R,,,,,,,,,,,,,,,,,,,,,,,,,,,,,,,,,,,,,,,,1,,,
Irelia,Irelia_Passive.png,Ionian Fervor,P,,,,,,,,,,,,,,,,,,,,,,,,,,,,,,,,,,,,,,,,,,,
Irelia,IreliaQ,Bladesurge,Q,,,,,,,,,,,,,,,,,,,,1,,,,,,,,,,,,,,1,,,,,,1,,,
Irelia,IreliaW,Defiant Dance,W,,,,,,,,,,,,,,,,,,,,,,,,,,,,,,,,,,,,,,,,1,,,
Irelia,IreliaE,Flawless Duet,E,,,,,,1,,,,,,,,,,,,,,,,,,,,,,,,,,,,,,,,,,,1,,
Irelia,IreliaR,Vanguard's Edge,R,,,,,,,,,1,,,,,,,,,,,,,,,,,,,1,,,,,,,,,,,,,1,,
Ivern,IvernP.png,Friend of the Forest,P,,,,,,,,,,,,,,,,,,,,,,,,,,,,,,,,,,,,,,,,,,,
Ivern,IvernQ,Rootcaller,Q,,,1,,,,,,,,,,,,,,1,,,,,,,,,,,1,1,,,,,,,,,,,,1,,
Ivern,IvernW,Brushmaker,W,,,,,,,,,,,,,,,,,,,,,,,,,,,,,,,,1,,,,,,,,,1,,
Ivern,IvernE,Triggerseed,E,,,,,,,,,1,,,,,,,,,,,,,,,,,,,,,,,,,1,1,,,,,,1,,
Ivern,IvernR,Daisy!,R,1,,,,,,,,,,,,,,,,,,,,,,,,,,,,,,,,,,,,,,,,1,,
Janna,JannaP.png,Tailwind,P,,,,,,,,,,,,,,,,,,,,,,,,,,,,,,,,,1,,,,,,,,,,
Janna,HowlingGale,Howling Gale,Q,1,,,,,,,,,,,,,,,,,,,,,,,,,,,,,,,,,,,,,,,,1,,
Janna,SowTheWind,Zephyr,W,,,,,,,,,1,,,,,,,,,,,,,,,,,,,,,,,,1,1,,,,,,,1,,
Janna,EyeOfTheStorm,Eye Of The Storm,E,,,,,,,,,,,,,,,,,,,,,,,,,,,,,,,,,,1,1,,,,,,,,
Janna,ReapTheWhirlwind,Monsoon,R,1,,,,,,,,,,,,,,,,,,,,,,,,,,,,,,,,,,,,,,,,,,
Jarvan IV,JarvanIVP.png,Martial Cadence,P,,,,,,,,,,,,,,,,,,,,,,,,,,,,,,,,,,,,,,,,,,,
Jarvan IV,JarvanIVDragonStrike,Dragon Strike,Q,1,,,,,,,,,,,,,,,,1,,,,,,,,,,,,,,,,,,,,,,,1,,,
Jarvan IV,JarvanIVGoldenAegis,Golden Aegis,W,,,,,,,,,1,,,,,,,,,,,,,,,,,,,,,,,,,,1,,,,,,,,
Jarvan IV,JarvanIVDemacianStandard,Demacian Standard,E,,,,,,,,,,,,,,,,,,,,,,,,,,,,,,,,,,,,,,,,,1,,
Jarvan IV,JarvanIVCataclysm,Cataclysm,R,1,,,,,,,,,,,,,,,,,,,1,,,,,,,,,,,,,,1,,,,,,1,,,
Jax,Armsmaster_MasterOfArms.png,Relentless Assault,P,,,,,,,,,,,,,,,,,,,,,,,,,,,,,,,,,,,,,,,,,,,
Jax,JaxQ,Leap Strike,Q,,,,,,,,,,,,,,,,,,,,1,,,,,,,,,,,,,,1,,,,,,1,,,
Jax,JaxW,Empower,W,,,,,,,,,,,,,,,,,,,,,,,,,,,,,,,,,,,,,,,1,,1,,
Jax,JaxE,Counter Strike,E,,,,,,1,,,,,,,,,,,,,,,,,,,,,,,,1,,,,,,,,,,,1,,
Jax,JaxR,Grandmaster-at-Arms,R,,,,,,,,,,,,,,,,,,,,,,,,,,,,,,,,,,,,,,,,,1,,
Jayce,Jayce_Passive.png,Hextech Capacitor,P,,,,,,,,,,,,,,,,,,,,,,,,,,,,,,,,,1,,,,,,,,,,
Jayce,JayceToTheSkies,To the Skies! / Shock Blast,Q,,,,,,,,,1,,,,,,,,,,,1,,,,,,,,1,1,,,,,1,,,,,,1,,,
Jayce,JayceStaticField,Lightning Field / Hyper Charge,W,,,,,,,,,,,,,,,,,,,,,,,,,,,,,,,,,,,,,,,1,,1,,
Jayce,JayceThunderingBlow,Thundering Blow / Acceleration Gate,E,1,,1,,,,,,,,,,,,,,,,,,,,,,,,,,,,,,1,1,,,,,,,1,,
Jayce,JayceStanceHtG,Mercury Cannon / Mercury Hammer,R,,,,,,,,,,,,,,,,,,,,,,,,,,,,,,,,,,,,,,,,,,,
Jhin,Jhin_P.png,Whisper,P,,,,,,,,,,,,,,,,,,,,,,,,,,1,,,,,,1,1,,,,,,,,,,
Jhin,JhinQ,Dancing Grenade,Q,,,,,,,,,,,,,,,,,,,,,,,,,,,,,,,,,,1,,,,,,1,,,
Jhin,JhinW,Deadly Flourish,W,,,1,,,,,,,,,,,,,,,,,,,,,,,,,1,,,,,,,,,,,,1,,,
Jhin,JhinE,Captive Audience,E,,,,,,,,,1,,,,,,,,,,,,,,,,,,,,,,,1,,,,,,,,,1,,
Jhin,JhinR,Curtain Call,R,,,,,,,,,1,,,,,,,,,,,,,,,,,1,,1,,,,1,,,,,,,,1,,,
Jinx,Jinx_Passive.png,Get Excited!,P,,,,,,,,,,,,,,,,,,,,,,,,1,,,,,,,,,,,,,,,,,,,
Jinx,JinxQ,Switcheroo!,Q,,,,,,,,,,,,,,,,,,,,,,,,,,,,,,,,,,,,,,,,1,,,
Jinx,JinxW,Zap!,W,,,,,,,,,1,,,,,,,,,,,,,,,,,,,1,1,,,,,,,,,,,1,,,
Jinx,JinxE,Flame Chompers!,E,,,1,,,,,,,,,,,,,,,,,,,,,,,,,,,,,,,,,,,,,,1,,
Jinx,JinxR,Super Mega Death Rocket!,R,,,,,,,,,,,,,,,,,,,,,,,,,,,,,,,,,,,,,,,,1,,,
K'Sante,Icons_KSante_P.png,Dauntless Instinct,P,,,,,,,,,,,,,,,,,,,,,,,,,,,,,,,,,,,,,,,,,,,
K'Sante,KSanteQ,Ntofo Strikes,Q,1,,,,,1,,,1,,,,,,,,,,,,,,,,,,,,,,,,,,,,,,1,1,,,
K'Sante,KSanteW,Path Maker,W,1,,,,,1,,,,,,,,,,,,1,,,,,,,,,,,,,,,,,,,,,,1,,1,
K'Sante,KSanteE,Footwork,E,,,,,,,,,,,,,,,,,,,1,1,,,,,,,,,,,,,,1,1,,,,,,,,
K'Sante,KSanteR,All Out,R,1,,1,,,1,,,,,,,,,,,,,,,,,1,,,,1,,,,,,,1,,,,,,1,,,
Kai'Sa,Kaisa_Passive.png,Second Skin,P,,,,,,,,,,,,,,,,,,,,,,,,,,,,,,,,,,,,,,,,,,,
Kai'Sa,KaisaQ,Icathian Rain,Q,,,,,,,,,,,,,,,,,,,,,,,,,,,,,,,,,,,,,,,,1,,,
Kai'Sa,KaisaW,Void Seeker,W,,,,,,,,,,,,,,,,,,,,,,,,,,,,1,1,,,,,,,,,,,,1,,
Kai'Sa,KaisaE,Supercharge,E,,,,,,,,,,,,,,,,,,,,,,,,,,,,,,,,,1,,,,,,,,,,
Kai'Sa,KaisaR,Killer Instinct,R,,,,,,,,,,,,,,,,,,,1,,,,,,,,,,,,,,,,1,,,,1,,,,
Kalista,Kalista_Passive.png,Martial Poise,P,,,,,,,,,,,,,,,,,,1,,,,,,,,,,,,,,,,,,,,,,,,,
Kalista,KalistaMysticShot,Pierce,Q,,,,,,,,,,,,,,,,,,,,,,,,,,,,1,1,,,,,,,,,,,1,,,
Kalista,KalistaW,Sentinel,W,,,,,,,,,,,,,,,,,,,,,,,,,,,,,,,,1,,,,,,,,,1,,
Kalista,KalistaExpungeWrapper,Rend,E,,,,,,,,,1,,,,,,,,,,,,,,,,,,,,,,,,,,,,,,,1,,,
Kalista,KalistaRx,Fate's Call,R,1,,,,,,,,,,,,,,,,1,,1,,,,,,,,1,,,,,,,,,,,,,,,,
Karma,Karma_Passive.png,Gathering Fire,P,,,,,,,,,,,,,,,,,,,,,,,,,,,,,,,,,,,,,,,,,,,
Karma,KarmaQ,Inner Flame,Q,,,,,,,,,1,,,,,,,,,,,,,,,,,,,1,1,,,,,,,,,,,,1,,
Karma,KarmaSpiritBind,Focused Resolve,W,,,1,,,,,,,,,,,,,,,,,,,,,,,,,,,,,,,1,,,,,,,1,,
Karma,KarmaSolKimShield,Inspire,E,,,,,,,,,,,,,,,,,,,,,,,,,,,,,,,,,1,1,1,,,,,,,,
Karma,KarmaMantra,Mantra,R,,,,,,,,,,,,,,,,,,,,,,,,,,,,,,,,,,,,,,,,,1,,
Karthus,Karthus_Passive.png,Death Defied,P,,,,,,,,,,,,,,,,,,,,,,,,,,,1,,,,,,,,,,,,,,,,
Karthus,KarthusLayWasteA1,Lay Waste,Q,,,,,,,,,,,,,,,,,,,,,,,,,,,,,,,,,,,,,,,,,1,,
Karthus,KarthusWallOfPain,Wall of Pain,W,,,,,,,,,1,,,,,,,,,,,,,,,,,,,,,,,,,,,,,,,,,,
Karthus,KarthusDefile,Defile,E,,,,,,,,,,,,,,,,,,,,,,,,,,,,,,,,,,,,,,,,,1,,
Karthus,KarthusFallenOne,Requiem,R,,,,,,,,,,,,,,,,,,,,,,,,,,,,,,,,,,,,,,,,,1,,
Kassadin,Kassadin_Passive.png,Void Stone,P,,,,,,,,,,,,,,,,,,,,,,,,,,,,,,,,,,,,,,,,,,,
Kassadin,NullLance,Null Sphere,Q,,,,,,,,,,,,,,,,,,,,,,,,,,,,,,,,,,1,,1,,,,,1,,
Kassadin,NetherBlade,Nether Blade,W,,,,,,,,,,,,,,,,,,,,,,,,,,,,,,,,,,,,,,,1,,1,,
Kassadin,ForcePulse,Force Pulse,E,,,,,,,,,1,,,,,,,,,,,,,,,,,,,,,,,,,,,,,,,,1,,
Kassadin,RiftWalk,Riftwalk,R,,,,,,,,,,,,,,,,,,,,,,,1,,,,,,,,,,,,,,,,,,1,,
Katarina,Katarina_Passive.png,Voracity,P,,,,,,,,,,,,,,,,,,,,,,,,,,,,,,,,,,,,,,,,,,,
Katarina,KatarinaQ,Bouncing Blade,Q,,,,,,,,,,,,,,,,,,,,,,,,1,,,,,,,,,,1,,,,,,,1,,
Katarina,KatarinaW,Preparation,W,,,,,,,,,,,,,,,,,,,,,,,,1,,,,,,,,,1,,,,,,,,,,
Katarina,KatarinaEWrapper,Shunpo,E,,,,,,,,,,,,,,,,,,,,1,,,1,1,,,,,,,,,,1,,,,,1,,1,,
Katarina,KatarinaR,Death Lotus,R,,,,,,,,,,,,,,,,,,,,,,,,1,,,,,,,,,,,,,,,,1,1,,
Kayle,Kayle_P.png,Divine Ascent,P,,,,,,,,,,,,,,,,,,,,,,,,,,,,,,,,,1,,,,,,,,,,
Kayle,KayleQ,Radiant Blast,Q,,,,,,,,,1,,,,,,,,,,,,,,,,,,,1,1,,,,,,,,,,,,1,,
Kayle,KayleW,Celestial Blessing,W,,,,,,,,,,,,,,,,,,,,,,,,,,,,,,,,,1,1,,,,,,,,,
Kayle,KayleE,Starfire Spellblade,E,,,,,,,,,,,,,,,,,,,,,,,,,,1,,,,,,,,,,,,,1,,1,,
Kayle,KayleR,Divine Judgment,R,,,,,,,,,,,,,,,,,,,,,,,,,,,1,,,,,,,1,,,,,,,1,,
Kayn,Kayn_Passive_Primary.png,The Darkin Scythe,P,,,,,,,,,,,,,,,,,,,,,,,,,,,,,,,,,,,,,,,,,,,
Kayn,KaynQ,Reaping Slash,Q,,,,,,,,,,,,,,,,,,,1,,,,,,,,,,,,,,,,,,,,,1,,,
Kayn,KaynW,Blade's Reach,W,1,,,,,,,,1,,,,,,,,,,,,,,,,,,,,,,,,,,,,,,,1,,,
Kayn,KaynE,Shadow Step,E,,,,,,,,,,,,,,,,,,,,,,,,,,,,,,,,,,,,,,,,,,,
Kayn,KaynR,Umbral Trespass,R,,,,,,,,,,,,,,,,,,1,,1,,,,,,,1,,,,,,,1,,,,,,1,,,
Kennen,Kennen_Passive.png,Mark of the Storm,P,,,,,,1,,,,,,,,,,,,,,,,,,,,,,,,,,,,,,,,,,,,,
Kennen,KennenShurikenHurlMissile1,Thundering Shuriken,Q,,,,,,,,,,,,,,,,,,,,,,,,,,,,1,1,,,,,,,,,,,,1,,
Kennen,KennenBringTheLight,Electrical Surge,W,,,,,,,,,,,,,,,,,,,,,,,,,,,,,,,,,,,,,,,,,1,,
Kennen,KennenLightningRush,Lightning Rush,E,,,,,,,,,,,,,,,,,,,,,,,,,,,,,,,,,1,,,,,,,,1,,
Kennen,KennenShurikenStorm,Slicing Maelstrom,R,,,,,,,,,,,,,,,,,,,,,,,,,,,,,,,,,,,,,,,,,1,,
Kha'Zix,Khazix_P.png,Unseen Threat,P,,,,,,,,,1,,,,,,,,,,,,,,,,,,,,,,,,,,,,,,,,,,
Kha'Zix,KhazixQ,Taste Their Fear,Q,,,,,,,,,,,,,,,,,,,,,,,,,,,,,,,,,,1,,,,,,1,,,
Kha'Zix,KhazixW,Void Spike,W,,,,,,,,,1,,,,,,,,,,,,,,,,,,,1,1,,,,,,,,,,,1,,,
Kha'Zix,KhazixE,Leap,E,,,,,,,,,,,,,,,,,,,1,,,,,1,,,,,,,,,,,,,,,,1,,,
Kha'Zix,KhazixR,Void Assault,R,,,,,,,,,,,,,,,,,,,,,,,,,,,,,,,,,1,,,,,,,,,,
Kindred,Kindred_Passive.png,Mark of the Kindred,P,,,,,,,,,,,,,,,,,,,,,,,,,,,,,,,,,,,,,,,,,,,
Kindred,KindredQ,Dance of Arrows,Q,,,,,,,,,,,,,,,,,,,1,,,,,,,,,,,,,,,,,,,,1,1,,,
Kindred,KindredW,Wolf's Frenzy,W,,,,,,,,,1,,,,,,,,,,,,,,,,,,,,,,,,,,,,,,,,1,,
Kindred,KindredEWrapper,Mounting Dread,E,,,,,,,,,1,,,,,,,,,,,,,,,,,1,,,,,,,,1,,,,,,1,,,
Kindred,KindredR,Lamb's Respite,R,,,,,,,,,,,,,,,,,,,,,,,,,,,1,,,,,,,,,,,,,,,,
Kled,Kled_P.png,Skaarl,the Cowardly Lizard,,,,,,,,,,,,,,,,,,,,,,,,,,,1,,,,,,1,,,,,,,P,P,P,
Kled,KledQ,Bear Trap on a Rope,Q,1,,,,,,,,1,,,,,,,,,1,,,,,,,,,,1,,,,1,,,,,,,,1,,,
Kled,KledW,Violent Tendencies,W,,,,,,,,,,,,,,,,,,,,,,,,,,,,,,,,,,,,,,,,1,,,
Kled,KledE,Jousting,E,,,,,,,,,,,,,,,,,1,,,,,,,,,,,,,,,,1,,,,,,,1,,,
Kled,KledR,Chaaaaaaaarge!!!,R,1,,,,,,,,,,,,,,,,1,,,,,,,,,,,1,,,,,1,,1,,,,,,1,,
Kog'Maw,KogMaw_IcathianSurprise.png,Icathian Surprise,P,,,,,,,,,,,,,,,,,,,,,,,,,,,1,,,,,,,,,,,,,,,,
Kog'Maw,KogMawQ,Caustic Spittle,Q,,,,,,,,,,,,,,,,,,,,,,,,,,,,1,1,,,,,,,,,,,,1,,
Kog'Maw,KogMawBioArcaneBarrage,Bio-Arcane Barrage,W,,,,,,,,,,,,,,,,,,,,,,,,,,,,,,,,,,,,,,,,,1,,
Kog'Maw,KogMawVoidOoze,Void Ooze,E,,,,,,,,,1,,,,,,,,,,,,,,,,,,,,,,,,,,,,,,,,1,,
Kog'Maw,KogMawLivingArtillery,Living Artillery,R,,,,,,,,,,,,,,,,,,,,,,,,,,1,,,,,,,,,,,,,,,1,,
LeBlanc,LeblancP.png,Mirror Image,P,,,,,,,,,,,,,,,,,,,,,,,,,,,,,,,,,,,,,,,,,,,
LeBlanc,LeblancQ,Sigil of Malice,Q,,,,,,,,,,,,,,,,,,,,,,,,,,,,,,,,,,1,,,,,,,1,,
LeBlanc,LeblancW,Distortion,W,,,,,,,,,,,,,,,,,,,1,,,,1,,,,,,,,,,,,,,,,,,1,,
LeBlanc,LeblancE,Ethereal Chains,E,,,1,,,,,,1,,,,,,,,,,,,,,,,,,,1,1,,,,,,,,,,,,1,,
LeBlanc,LeblancR,Mimic,R,,,1,,,,,,1,,,,,,,,,,1,,,,1,,,,,1,1,,,,,,,,,,,,1,,
Lee Sin,LeeSinPassive.png,Flurry,P,,,,,,,,,,,,,,,,,,,,,,,,,,,,,,,,,,,,,,,,,,,
Lee Sin,LeeSinQOne,Sonic Wave / Resonating Strike,Q,,,,,,,,,,,,,,,,,1,,,,,,,,,1,,1,1,,,,,,,,,,,1,,,
Lee Sin,LeeSinWOne,Safeguard / Iron Will,W,,,,,,,,,,,,,,,,,,,,1,,,,,,,,,,,,,,1,1,,,,,,,,
Lee Sin,LeeSinEOne,Tempest / Cripple,E,,,,,,,,,1,,,,,,,,,,,,,,,,,,,,,,,,,,,,,,,,1,,
Lee Sin,LeeSinR,Dragon's Rage,R,1,,1,,,,,,,,,,,,,,,,,,,,,,,,,,,,,,,1,,,,,,1,,,
Leona,LeonaSunlight.png,Sunlight,P,,,,,,,,,,,,,,,,,,,,,,,,,,,,,,,,,,,,,,,,,,,
Leona,LeonaShieldOfDaybreak,Shield of Daybreak,Q,,,,,,1,,,,,,,,,,,,,,,,,,,,,,,,,,,,,,,,,1,,1,,
Leona,LeonaSolarBarrier,Eclipse,W,,,,,,,,,,,,,,,,,,,,,,,,,,,,,,,,,,,,,,,,,1,,
Leona,LeonaZenithBlade,Zenith Blade,E,,,1,,,,,,,,,,,,,,1,,,,,,,,,,,,,,,,,,,,,,,,1,,
Leona,LeonaSolarFlare,Solar Flare,R,,,,,,1,,,1,,,,,,,,,,,,,,,,,,,,,,,,,,,,,,,,1,,
Lillia,Lillia_Icon_Passive.png,Dream-Laden Bough,P,,,,,,,,,,,,,,,,,,,,,,,,,,,,,,,,,,,,,,,,,,,
Lillia,LilliaQ,Blooming Blows,Q,,,,,,,,,,,,,,,,,,,,,,,,,,,,,,,,,1,,,,,,,,1,1,
Lillia,LilliaW,Watch Out! Eep!,W,,,,,,,,,,,,,,,,,,,1,,,,,,,,,,,,,,,,,,,,,,1,,
Lillia,LilliaE,Swirlseed,E,,,,,,,,,1,,,,,,,,,,,,,,,,,,,1,1,,,,,,,,,,,,1,,
Lillia,LilliaR,Lilting Lullaby,R,,,,1,,,,,1,,,,,,1,,,,,,,,,,,,,,,,,,,,,,,,,,1,,
Lissandra,Lissandra_Passive.png,Iceborn Subjugation,P,,,,,,,,,,,,,,,,,,,,,,,,,,,,,,,,,,,,,,,,,,,
Lissandra,LissandraQ,Ice Shard,Q,,,,,,,,,1,,,,,,,,,,,,,,,,,,,1,1,,,,,,,,,,,,1,,
Lissandra,LissandraW,Ring of Frost,W,,,1,,,,,,,,,,,,,,,,,,,,,,,,,,,,,,,,,,,,,,1,,
Lissandra,LissandraE,Glacial Path,E,,,,,,,,,,,,,,,,,,,,,,,1,,,,,,,,,,,,,,,,,,1,,
Lissandra,LissandraR,Frozen Tomb,R,,,,,,1,,,1,,,,,,,,,,,,,,,,,,1,,,,,,,1,,,,,,,1,,
Lucian,Lucian_Passive.png,Lightslinger,P,,,,,,,,,,,,,,,,,,,,,,,,,,,,,,,,,,,,,,,,,,,
Lucian,LucianQ,Piercing Light,Q,,,,,,,,,,,,,,,,,,,,,,,,,,,,,,,,,,1,,,,,,1,,,
Lucian,LucianW,Ardent Blaze,W,,,,,,,,,,,,,,,,,,,,,,,,,,,,1,1,,,,1,,,,,,,,1,,
Lucian,LucianE,Relentless Pursuit,E,,,,,,,,,,,,,,,,,,,1,,,,,,,,,,,,,,,,,,,,1,,,,
Lucian,LucianR,The Culling,R,,,,,,,,,,,,,,,,,,,,,,,,,,,,1,1,,,,,,,,,,,1,,,
Lulu,Lulu_PixFaerieCompanion.png,Pix,Faerie Companion,,,,,,,,,,,,,,,,,,,,,,,,,,,,,,,,,,,,,,,,P,P,P,
Lulu,LuluQ,Glitterlance,Q,,,,,,,,,1,,,,,,,,,,,,,,,,,,,,,,,,,,,,,,,,1,,
Lulu,LuluW,Whimsy,W,,,,,,,,1,,,,,,,,,,,,,,,,,,,,,,,,,1,1,,,,,,,,,
Lulu,LuluE,Help,Pix!,,,,,,,,,,,,,,,,,,,,,,,,,,,,,,,,,,1,1,,,,,E,E,E,
Lulu,LuluR,Wild Growth,R,1,,,,,,,,1,,,,,,,,,,,,,,,,,,,,,,,,,1,,,,,,,,,
Lux,LuxIlluminatingFraulein.png,Illumination,P,,,,,,,,,,,,,,,,,,,,,,,,,,,,,,,,,,,,,,,,,,,
Lux,LuxLightBinding,Light Binding,Q,,,1,,,,,,,,,,,,,,,,,,,,,,,,,1,1,,,,,,,,,,,,1,,
Lux,LuxPrismaticWave,Prismatic Barrier,W,,,,,,,,,,,,,,,,,,,,,,,,,,,,,,,,,,,1,,,,,,,,
Lux,LuxLightStrikeKugel,Lucent Singularity,E,,,,,,,,,1,,,,,,,,,,,,,,,,,,,,,,,,,,,,,,,,1,,
Lux,LuxR,Final Spark,R,,,,,,,,,,,,,,,,,,,,,,,,,,,,,,,,,,,,,,,,,1,,
Malphite,Malphite_GraniteShield.png,Granite Shield,P,,,,,,,,,,,,,,,,,,,,,,,,,,,,,,,,,,,1,,,,,,,,
Malphite,SeismicShard,Seismic Shard,Q,,,,,,,,,1,,,,,,,,,,,,,,,,,,,,,,,,1,1,,,,,,,1,,
Malphite,Obduracy,Thunderclap,W,,,,,,,,,,,,,,,,,,,,,,,,,,,,,,,,,,,,,,,1,1,,,
Malphite,Landslide,Ground Slam,E,,,,,,,,,,1,,,,,,,,,,,,,,,,,,,,,,,,,,,,,,,1,,
Malphite,UFSlash,Unstoppable Force,R,1,,,,,,,,,,,,,,,,,,1,,,,,,,,,,,,,,,,,,,,,,1,,
Malzahar,Malzahar_Passive.png,Void Shift,P,,,,,,,,,,,,,,,,,,,,,,,,,,,,,,,,,,,,,,,,,,,
Malzahar,MalzaharQ,Call of the Void,Q,,,,,,,,,,,,,,1,,,,,,,,,,,,,,,,,,,,,,,,,,,1,,
Malzahar,MalzaharW,Void Swarm,W,,,,,,,,,,,,,,,,,,,,,,,,,,,,,,,,,,,,,,,,,1,,
Malzahar,MalzaharE,Malefic Visions,E,,,,,,,,,,,,,,,,,,,,,,,,,,,,,,,,,,1,,,,,,,1,,
Malzahar,MalzaharR,Nether Grasp,R,,,,,,,1,,,,,,,,,,,,,,,,,,,,,,,,,,,1,,,,,,,1,,
Maokai,Maokai_Passive.png,Sap Magic,P,,,,,,,,,,,,,,,,,,,,,,,,,,,,,,,,,,,,,,,1,,,,
Maokai,MaokaiQ,Bramble Smash,Q,1,,,,,,,,1,,,,,,,,,,,,,,,,,,,,,,,,,,,,,,,,1,,
Maokai,MaokaiW,Twisted Advance,W,,,1,,,,,,,,,,,,,,,,,1,,,,,,,1,,,,,,,1,,,,,,,1,,
Maokai,MaokaiE,Sapling Toss,E,,,,,,,,,1,,,,,,,,,,,,,,,,,,,,,,,,,,,,,,,,1,,
Maokai,MaokaiR,Nature's Grasp,R,,,1,,,,,,,,,,,,,,,,,,,,,,,,,,,,,,1,,,,,,,,1,,
Master Yi,MasterYi_Passive1.png,Double Strike,P,,,,,,,,,,,,,,,,,,,,,,,,,,,,,,,,,,,,,,,,,,,
Master Yi,AlphaStrike,Alpha Strike,Q,,,,,,,,,,,,,,,,,,,,1,,,1,1,,,1,,,,,,,1,,,,,,1,,,
Master Yi,Meditate,Meditate,W,,,,,,,,,,,,,,,,,,,,,,,,1,,,,,,,,,,,,,,,1,,,,
Master Yi,WujuStyle,Wuju Style,E,,,,,,,,,,,,,,,,,,,,,,,,1,,,,,,,,,,,,,,,,,,1,
Master Yi,Highlander,Highlander,R,,,,,,,,,,,,,,,,,,,,,,,,1,,,,,,,,,1,,,,,,,,,,
Mel,Mel_Passive.png,Searing Brilliance,P,,,,,,,,,,,,,,,,,,,,,,,,,,,,,,,,,,,,,,,,,,,
Mel,MelQ,Radiant Volley,Q,,,,,,,,,,,,,,,,,,,,,,,,,,,,,,,,,,,,,,,,,1,,
Mel,MelW,Rebuttal,W,,,,,,,,,,,,,,,,,,,,,,,,,,,,,,,1,,1,,1,,,,,,1,,
Mel,MelE,Solar Snare,E,,,1,,,,,,1,,,,,,,,,,,,,,,,,,,,,,,,,,,,,,,,1,,
Mel,MelR,Golden Eclipse,R,,,,,,,,,,,,,,,,,,,,,,,,,,,,,,,,,,,,,,,,,1,,
Milio,Milio_P.png,Fired Up!,P,,,,,,,,,,,,,,,,,,,,,,,,,,,,,,,,,,,,,,,,,,,
Milio,MilioQ,Ultra Mega Fire Kick,Q,1,,,,,,,,1,,,,,,,,,,,,,,,,,,,1,1,,,,,,,,,,,,1,,
Milio,MilioW,Cozy Campfire,W,,,,,,,,,,,,,,,,,,,,,,,,,,,,,,,,,,1,,,,,,,,,
Milio,MilioE,Warm Hugs,E,,,,,,,,,,,,,,,,,,,,,,,,,,,,,,,,1,1,1,1,,,,,,,,
Milio,MilioR,Breath of Life,R,,,,,,,,,,,,,,,,,,,,,,,,,,,,,,,,,,,,,,,,,,,
Miss Fortune,MissFortune_W.png,Love Tap,P,,,,,,,,,,,,,,,,,,,,,,,,,,,,,,,,,,,,,,,,,,,
Miss Fortune,MissFortuneRicochetShot,Double Up,Q,,,,,,,,,,,,,,,,,,,,,,,,,,,,,,,,,,1,,,,,,1,,,
Miss Fortune,MissFortuneViciousStrikes,Strut,W,,,,,,,,,,,,,,,,,,,,,,,,,,,,,,,,,1,,,,,,,,,,
Miss Fortune,MissFortuneScattershot,Make It Rain,E,,,,,,,,,1,,,,,,,,,,,,,,,,,,,,,,,,,,,,,,,,1,,
Miss Fortune,MissFortuneBulletTime,Bullet Time,R,,,,,,,,,,,,,,,,,,,,,,,,,,,,,,,,,,,,,,,,1,,,
Mordekaiser,MordekaiserPassive.png,Darkness Rise,P,,,,,,,,,,,,,,,,,,,,,,,,,,,,,,,,,1,,,,,,,,,,
Mordekaiser,MordekaiserQ,Obliterate,Q,,,,,,,,,,,,,,,,,,,,,,,,,,,,,,,,,,,,,,,,,1,,
Mordekaiser,MordekaiserW,Indestructible,W,,,,,,,,,,,,,,,,,,,,,,,,,,,,,,,,,,,1,,,,,,,,
Mordekaiser,MordekaiserE,Death's Grasp,E,1,,,,,,,,,,,,,,,,,,,,,,,,,,,,,,,,,,,,,,,,1,,
Mordekaiser,MordekaiserR,Realm of Death,R,,,,,,,,,1,,,,,,,,,,,,,,,,,,,,,,,,,1,,,,,,,,,
Morgana,FallenAngel_Empathize.png,Soul Siphon,P,,,,,,,,,,,,,,,,,,,,,,,,,,,,,,,,,,,,,,,,,,,
Morgana,MorganaQ,Dark Binding,Q,,,1,,,,,,,,,,,,,,,,,,,,,,,,,1,1,,,,,,,,,,,,1,,
Morgana,MorganaW,Tormented Shadow,W,,,,,,,,,,,,,,,,,,,,,,,,,,,,,,,,,,,,,,,,,1,,
Morgana,MorganaE,Black Shield,E,,,,,,,,,,,,,,,,,,,,,,,,,,,,,,,,,,1,,1,,,,,,,
Morgana,MorganaR,Soul Shackles,R,,,,,,1,,,1,,,,,,,,,,,,,,,,,,,,,,,,1,,,,,,,,1,,
Naafiri,Icons_Naafiri_P.png,We Are More,P,,,,,,,,,,,,,,,,,,,,,,,,,,,,,,,,,,,,,,,,,,,
Naafiri,NaafiriQ,Darkin Daggers,Q,,,,,,,,,,,,,,,,,,,,,,,,,,,,,,,,,,,,,,,,1,,,
Naafiri,NaafiriR,The Call of the Pack,W,,,,,,,,,,,,,,,,,,,,,,,,,,,1,,,,,,1,,,,,,,1,,,
Naafiri,NaafiriE,Eviscerate,E,,,,,,,,,,,,,,,,,,1,,,,,,,,,,,,,,,,,,,,,,1,,,
Naafiri,NaafiriW,Hounds' Pursuit,R,,,,,,,,,1,,,,,,,,,,,1,,,,1,,,,,,,,,,1,1,,,,,1,,,
Nami,NamiPassive.png,Surging Tides,P,,,,,,,,,,,,,,,,,,,,,,,,,,,,,,,,,1,,,,,,,,,,
Nami,NamiQ,Aqua Prison,Q,1,,,,,1,,,,,,,,,,,,,,,,,,,,,,,,,,,,,,,,,,,1,,
Nami,NamiW,Ebb and Flow,W,,,,,,,,,,,,,,,,,,,,,,,,,,,,,,,,,,1,,,,,,,1,,
Nami,NamiE,Tidecaller's Blessing,E,,,,,,,,,1,,,,,,,,,,,,,,,,,,,,,,,,,1,,,,,,,1,,
Nami,NamiR,Tidal Wave,R,1,,,,,,,,1,,,,,,,,,,,,,,,,,,,,,,,,,,,,,,,,1,,
Nasus,Nasus_Passive.png,Soul Eater,P,,,,,,,,,,,,,,,,,,,,,,,,,,,,,,,,,,,,,,,,,,,
Nasus,NasusQ,Siphoning Strike,Q,,,,,,,,,,,,,,,,,,,,,,,,,,,,,,,,,,,,,,,1,1,,,
Nasus,NasusW,Wither,W,,,,,,,,,1,1,,,,,,,,,,,,,,,,,,,,,,,,1,,,,,,,,,
Nasus,NasusE,Spirit Fire,E,,,,,,,,,,,,,,,,,,,,,,,,,,,,,,,,,,,,,,,,,1,,
Nasus,NasusR,Fury of the Sands,R,,,,,,,,,,,,,,,,,,,,,,,,,,,,,,,,,,,,,,,,,1,,
Nautilus,Nautilus_StaggeringBlow.png,Staggering Blow,P,,,1,,,,,,,,,,,,,,,,,,,,,,,,,,,,,,,,,,,,,,,,
Nautilus,NautilusAnchorDrag,Dredge Line,Q,1,,,,,1,,,,,,,,,,,1,,,,,1,,,,,,1,1,,,,,,,,,,,,1,,
Nautilus,NautilusPiercingGaze,Titan's Wrath,W,,,,,,,,,,,,,,,,,,,,,,,,,,,,,,,,,,,1,,,,1,,1,,
Nautilus,NautilusSplashZone,Riptide,E,,,,,,,,,1,,,,,,,,,,,,,,,,,,,,,,,,,,,,,,,,1,,
Nautilus,NautilusGrandLine,Depth Charge,R,1,,,,,1,,,,,,,,,,,,,,,,,,,,,,,,,,,,1,,,,,,,1,,
Neeko,Neeko_P.png,Inherent Glamour,P,,,,,,,,,,,,,,,,,,,,,,,,,,,,,,,,,,,,,,,,,,,
Neeko,NeekoQ,Blooming Burst,Q,,,,,,,,,,,,,,,,,,,,,,,,,,,,,,,,,,,,,,,,,1,,
Neeko,NeekoW,Shapesplitter,W,,,,,,,,,,,,,,,,,,,,,,,,,,,,,,,,,1,,,,,,,,1,,
Neeko,NeekoE,Tangle-Barbs,E,,,1,,,,,,,,,,,,,,,,,,,,,,,,,,,,,,,,,,,,,,1,,
Neeko,NeekoR,Pop Blossom,R,1,,,,,1,,,,,,,,,,,,,,,,,,,,,,,,,,,,,,,,,,,1,,
Nidalee,Nidalee_Passive.png,Prowl,P,,,,,,,,,,,,,,,,,,,,,,,,,,,,,,,,,1,,,,,,,,,,
Nidalee,JavelinToss,Javelin Toss / Takedown,Q,,,,,,,,,,,,,,,,,,,,,,,,,,,,1,1,,,,,,,,,,1,,1,,
Nidalee,Bushwhack,Bushwhack / Pounce,W,,,,,,,,,,,,,,,,,,1,,,,,,,,,,,,,,,,1,,,,,,,1,,
Nidalee,PrimalSurge,Primal Surge / Swipe,E,,,,,,,,,,,,,,,,,,,,,,,,,,,,,,,,,,1,,,,,,,,,
Nidalee,AspectOfTheCougar,Aspect Of The Cougar,R,,,,,,,,,,,,,,,,,,,,,,,,,,,,,,,,,,,,,,,,,,,
Nilah,NIlahP.png,Joy Unending,P,,,,,,,,,,,,,,,,,,,,,,,,,,,,,,,,,,,1,,,,,,,,
Nilah,NilahQ,Formless Blade,Q,,,,,,,,,,,,,,,,,,,,,,,,,,,,,,,,,,,1,,,,,1,,,
Nilah,NilahW,Jubilant Veil,W,,,,,,,,,,,,,,,,,,,,,,,,,,,,,,1,,,1,,,,,,,,,,
Nilah,NilahE,Slipstream,E,,,,,,,,,,,,,,,,,,,,1,,,,,,,,,,,,1,,1,,,,,1,1,,,
Nilah,NilahR,Apotheosis,R,1,,,,,,,,1,,,,,,,,,,,,,,,,,,,,,,,,,,1,,,,,1,,,
Nocturne,Nocturne_UmbraBlades.png,Umbra Blades,P,,,,,,,,,,,,,,,,,,,,,,,,,,,,,,,,,,,,,,,,,,,
Nocturne,NocturneDuskbringer,Duskbringer,Q,,,,,,,,,,,,,,,,,,,,,,,,,,,,,,,,,,,,,,,,1,,,
Nocturne,NocturneShroudofDarkness,Shroud of Darkness,W,,,,,,,,,,,,,,,,,,,,,,,,,,,,,,,,,,,,,1,,,,,,
Nocturne,NocturneUnspeakableHorror,Unspeakable Horror,E,,1,,,,,,,1,,,,,,,,,,,,,,,,,,,,,,,,1,1,,,,,,,1,,
Nocturne,NocturneParanoia,Paranoia,R,,,,,,,,,,,,,1,,,,,,,1,,,,,,,,,,,,,,1,,,,,,1,,,
Nunu & Willump,NunuPassive.png,Call of the Freljord,P,,,,,,,,,,,,,,,,,,,,,,,,,,,,,,,,,1,,,,,,,,,,
Nunu & Willump,NunuQ,Consume,Q,,,,,,,,,,,,,,,,,,,,,,,,,,,,,,,,,,1,,,,,,,1,1,
Nunu & Willump,NunuW,Biggest Snowball Ever!,W,1,,,,,1,,,,,,,,,,,,,,,,,,,,,,,,,,,1,,,,,,,,1,,
Nunu & Willump,NunuE,Snowball Barrage,E,,,1,,,,,,1,,,,,,,,,,,,,,,,,,,1,1,,,1,,,,,,,,,1,,
Nunu & Willump,NunuR,Absolute Zero,R,,,,,,,,,1,,,,,,,,,,,,,,,,,,,,,,,,,,1,,,,,,1,,
Olaf,Olaf_Passive.png,Berserker Rage,P,,,,,,,,,,,,,,,,,,,,,,,,,,,,,,,,,,,,,,,,,,,
Olaf,OlafAxeThrowCast,Undertow,Q,,,,,,,,,1,,,,,,,,,,,,,,,,,,,,,,,,,,,,,,,1,,,
Olaf,OlafFrenziedStrikes,Tough It Out,W,,,,,,,,,,,,,,,,,,,,,,,,,,,,,,,,,,,1,,,,1,,,,
Olaf,OlafRecklessStrike,Reckless Swing,E,,,,,,,,,,,,,,,,,,,,,,,,,,,,,,,,,,1,,,,,,,,1,
Olaf,OlafRagnarok,Ragnarok,R,,,,,,,,,,,,,,,,,,,,,,,,,,,,,,,,,1,,,,,,,,,,
Orianna,OriannaPassive.png,Clockwork Windup,P,,,,,,,,,,,,,,,,,,,,,,,,,,,,,,,,,,,,,,,,,,,
Orianna,OrianaIzunaCommand,Command: Attack,Q,,,,,,,,,,,,,,,,,,,,,,,,,,,,,,,,,,,,,,,,,1,,
Orianna,OrianaDissonanceCommand,Command: Dissonance,W,,,,,,,,,1,,,,,,,,,,,,,,,,,,,,,,,,1,,,,,,,,1,,
Orianna,OrianaRedactCommand,Command: Protect,E,,,,,,,,,,,,,,,,,,,,,,,,,,,,,,,,,,1,1,,,,,,1,,
Orianna,OrianaDetonateCommand,Command: Shockwave,R,1,,,,,1,,,,,,,,,,,,,,,,,,,,,,,,,,,,,,,,,,,1,,
Ornn,OrnnP.png,Living Forge,P,,,,,,,,,,,,,,,,,,,,,,,,,,,,,,,,,,,,,,,,,,,
Ornn,OrnnQ,Volcanic Rupture,Q,,,,,,,,,1,,,,,,,,,,,,,,,,,,,,,,,,,,,,,,,1,,,
Ornn,OrnnW,Bellows Breath,W,,,,,,,,,,,,,,,,,,,,,,,,,,,,,,,,,,,,,,,,,1,,
Ornn,OrnnE,Searing Charge,E,1,,,,,1,,,,,,,,,,,,1,,,,,,,,,,,,,,,,,,,,,,1,,,
Ornn,OrnnR,Call of the Forge God,R,1,,,,,1,,,1,,,,,,,,,1,,,,,,,,,,,,,,,,,,,,,,,1,,
Pantheon,Pantheon_Passive.png,Mortal Will,P,,,,,,,,,,,,,,,,,,,,,,,,,,,,,,,,,,,,,,,,,,,
Pantheon,PantheonQ,Comet Spear,Q,,,,,,,,,,,,,,,,,,,,,,,,,,,,,,,,,,,,,,,,1,,,
Pantheon,PantheonW,Shield Vault,W,,,,,,1,,,,,,,,,,,,,,1,,,,,,,,,,,,,,1,,,,,1,1,,,
Pantheon,PantheonE,Aegis Assault,E,,,,,,,,,,,,,,,,,,,,,,,,,,,1,,,,,,1,,,,,,,1,,,
Pantheon,PantheonR,Grand Starfall,R,,,,,,,,,1,,,,,,,,,,,,,,1,,,,1,,,,,,,,,,,,,1,1,,
Poppy,Poppy_Passive.png,Iron Ambassador,P,,,,,,,,,,,,,,,,,,,,,,,,,,,,,,,,,,,1,,,,,,,,
Poppy,PoppyQ,Hammer Shock,Q,,,,,,,,,1,,,,,,,,,,,,,,,,,,,,,,,,,,,,,,,1,,,
Poppy,PoppyW,Steadfast Presence,W,1,,,,,,,,1,,1,,,,,,,,,,,,,,,,,,,,,,1,,,,,,,,1,,
Poppy,PoppyE,Heroic Charge,E,1,,,,,1,,,,,,,,,,,,,,1,,,,,,,,,,,,,,1,,,,,,1,,,
Poppy,PoppyR,Keeper's Verdict,R,1,,,,,,,,,,,,,,,,,,,,,,,,,,,1,,,,,,,,,,,,1,,,
Pyke,PykePassive.png,Gift of the Drowned Ones,P,,,,,,,,,,,,,,,,,,,,,,,,,,,,,,,,,,,,,,,,,,,
Pyke,PykeQ,Bone Skewer,Q,1,,,,,,,,1,,,,,,,,,,,,,,,,,,,1,1,,,,,,,,,,,1,,,
Pyke,PykeW,Ghostwater Dive,W,,,,,,,,,,,,,,,,,,,,,,,,,,,,,,,,,1,,,,,,,,,,
Pyke,PykeE,Phantom Undertow,E,,,,,,1,,,,,,,,,,,,1,,,,,,,,,,,,,,,,,,,,,,1,,,
Pyke,PykeR,Death From Below,R,,,,,,,,,,,,,,,,,,,,,,,1,,1,,,,,,,,,,,,,,,1,,,
Qiyana,Qiyana_Passive.png,Royal Privilege,P,,,,,,,,,,,,,,,,,,,,,,,,,,,,,,,,,,,,,,,,,,,
Qiyana,QiyanaQ,Elemental Wrath / Edge of Ixtal,Q,,,,,,1,,,1,,,,,,,,,,,,,,,,,,,1,1,,,,,,,,,,,1,,,
Qiyana,QiyanaW,Terrashape,W,,,,,,,,,,,,,,,,,,,1,,,,,,,,,,,,,,1,,,,,,,,1,,
Qiyana,QiyanaE,Audacity,E,,,,,,,,,,,,,,,,,,,,1,,,,,,,,,,,,,,1,,,,,,1,,,
Qiyana,QiyanaR,Supreme Display of Talent,R,1,,,,,1,,,,,,,,,,,,,,,,,,,,,,,,,,,,,,,,,,1,,,
Quinn,Quinn_Passive.png,Harrier,P,,,,,,,,,,,,,,,,,,,,,,,,,,,,,,,,,,,,,,,,,,,
Quinn,QuinnQ,Blinding Assault,Q,,,,,,,,,,,,,1,,,,,,,,,,,,,,,1,1,,,,,,,,,,,1,,,
Quinn,QuinnW,Heightened Senses,W,,,,,,,,,,,,,,,,,,,,,,,,,,,,,,,,,1,,,,,,,,,,
Quinn,QuinnE,Vault,E,1,,,,,,,,1,,,,,,,,,,,1,,,,,,,,,,,,,,1,,,,,1,1,,,
Quinn,QuinnR,Behind Enemy Lines,R,,,,,,,,,,,,,,,,,,,,,,,,,,,,,,,,,1,,,,,,,1,,,
Rakan,Rakan_P.png,Fey Feathers,P,,,,,,,,,,,,,,,,,,,,,,,,,,,,,,,,,,,1,,,,,,,,
Rakan,RakanQ,Gleaming Quill,Q,,,,,,,,,,,,,,,,,,,,,,,,,,,,1,1,,,,,,,,,,,,1,,
Rakan,RakanW,Grand Entrance,W,1,,,,,,,,,,,,,,,,,,1,,,,,,,,,,,,,,,,,,,,,,1,,
Rakan,RakanE,Battle Dance,E,,,,,,,,,,,,,,,,,,,,1,,,,,,,,,,,,,,1,1,,,,,,,,
Rakan,RakanR,The Quickness,R,,1,,,,,,,1,,,,,,,,,,,,,,,,,,,,,,,,1,,,,,,,,1,,
Rammus,Armordillo_ScavengeArmor.png,Spiked Shell,P,,,,,,,,,,,,,,,,,,,,,,,,,,,,,,,,,,,,,,,,,,,
Rammus,PowerBall,Powerball,Q,1,,,,,1,,,1,,,,,,,,,,,,,,,,,,,1,1,,,,,,,,,,,,1,,
Rammus,DefensiveBallCurl,Defensive Ball Curl,W,,,,,,,,,,,,,,,,,,,,,,,,,,,,,,,,,,,,,,,,,1,,
Rammus,PuncturingTaunt,Frenzying Taunt,E,,1,,,,,,,,,,,,,,,,,,,,,,,,,,,,,,,,1,,,,,,,1,,
Rammus,Tremors2,Soaring Slam,R,1,,,,,,,,1,,,,,,,,,,1,,,,,,,,,,,,,,,,,,,,,,1,,
Rek'Sai,RekSai_Passive.png,Fury of the Xer'Sai,P,,,,,,,,,,,,,,,,,,,,,,,,,,,,,,,,,,,,,,,,,,,
Rek'Sai,RekSaiQ,Queen's Wrath / Prey Seeker,Q,,,,,,,,,,,,,,,,,,,,,,,,,,,,1,1,,,,,,,,,,1,1,,,
Rek'Sai,RekSaiW,Burrow / Un-burrow,W,1,,,,,,,,,,,,,,,,,,,,,,,,,,,,,,,,1,,,,,,,,,,
Rek'Sai,RekSaiE,Furious Bite / Tunnel,E,,,,,,,,,,,,,,,,,1,1,,,,,,,,,,,,,,,,1,,,,,,1,,1,
Rek'Sai,RekSaiR,Void Rush,R,,,,,,,,,,,,,,,,,,,,1,,,1,,,,1,,,,,,,1,,,,,,1,,,
Rell,RellP.png,Break the Mold,P,,,,,,,,,,,,,,,,,,,,,,,,,,,,,,,,,,,,,,,,,,,
Rell,RellQ,Shattering Strike,Q,,,,,,1,,,,,,,,,,,,,,,,,,,,,,,,,,,,,,,,,,,1,,
Rell,RellW_Dismount,Ferromancy: Crash Down,W,1,,,,,1,,,,,,,,,,,,,1,,,,,,,,,,,,,,1,,1,,,,1,,1,,
Rell,RellE,Full Tilt,E,,,,,,,,,,,,,,,,,,,,,,,,,,,,,,,,,1,,,,,,,,1,,
Rell,RellR,Magnet Storm,R,1,,,,,,,,,,,1,,,,,,,,,,,,,,,,,,,,,,,,,,,,,1,,
Renata Glasc,Renata_P.png,Leverage,P,,,,,,,,,,,,,,,,,,,,,,,,,,,,,,,,,,,,,,,,,,,
Renata Glasc,RenataQ,Handshake,Q,1,,1,,,1,,,,,,,,,,,,,,,,,,,,,,1,1,,,,,,,,,,,,1,,
Renata Glasc,RenataW,Bailout,W,,,,,,,,,,,,,,,,,,,,,,,,1,,,,,,,,,1,1,,,,,,,,,
Renata Glasc,RenataE,Loyalty Program,E,,,,,,,,,1,,,,,,,,,,,,,,,,,,,1,,,,,,,1,,,,,,1,,
Renata Glasc,RenataR,Hostile Takeover,R,,1,,,,,,,,,,,,,,,,,,,,,,,,,,,,,,,,,,,,,,,,,
Renekton,Renekton_Passive.png,Reign of Anger,P,,,,,,,,,,,,,,,,,,,,,,,,,,,,,,,,,,,,,,,,,,,
Renekton,RenektonCleave,Cull the Meek,Q,,,,,,,,,,,,,,,,,,,,,,,,,,,,,,,,,,,,,,,,1,,,
Renekton,RenektonPreExecute,Ruthless Predator,W,,,,,,1,,,,,,,,,,,,,,,,,,,,,,,,,,,,,,,,,1,1,,,
Renekton,RenektonSliceAndDice,Slice and Dice,E,,,,,,,,,,,,,,,,,,,1,,,,,,,,,,,,,,,,,,,,,1,,,
Renekton,RenektonReignOfTheTyrant,Dominus,R,,,,,,,,,,,,,,,,,,,,,,,,,,,,,,,,,,,,,,,,,1,,
Rengar,Rengar_P.png,Unseen Predator,P,,,,,,,,,,,,,,,,,,,,1,,,,1,,,,,,,,,1,,,,,,,,,,
Rengar,RengarQ,Savagery,Q,,,,,,,,,,,,,,,,,,,,,,,,,,,,,,,,,,,,,,,1,1,,,
Rengar,RengarW,Battle Roar,W,,,,,,,,,,,,,,,,,,,,,,,,,,,,,,,,,,,,,,,,,1,,
Rengar,RengarE,Bola Strike,E,,,1,,,,,,1,,,,,,,,,,,,,,,,,,,1,1,,,,,,,,,,,1,,,
Rengar,RengarR,Thrill of the Hunt,R,,,,,,,,,,,,,,,,,,,,,,,,,,,,,,,,,1,,,,,,,1,,,
Riven,RivenRunicBlades.png,Runic Blade,P,,,,,,,,,,,,,,,,,,,,,,,,,,,,,,,,,,,,,,,,,,,
Riven,RivenTriCleave,Broken Wings,Q,1,,,,,,,,,,,,,,,,,1,,,,,,,,,,,,,,1,,,,,,,1,1,,,
Riven,RivenMartyr,Ki Burst,W,,,,,,1,,,,,,,,,,,,,,,,,,,,,,,,,,,,,,,,,,1,,,
Riven,RivenFeint,Valor,E,,,,,,,,,,,,,,,,,,1,,,,,,,,,,,,,,,,,1,,,,,,,,
Riven,RivenFengShuiEngine,Blade of the Exile,R,,,,,,,,,,,,,,,,,,,,,,,,,,,,,,,,,,,,,,,,1,,,
Rumble,Rumble_JunkyardTitan1.png,Junkyard Titan,P,,,,,,,,,,,,,,,,,,,,,,,,,,,,,,,,,,,,,,,,,,,
Rumble,RumbleFlameThrower,Flamespitter,Q,,,,,,,,,,,,,,,,,,,,,,,,,,,,,,,,,,,,,,,,,1,,
Rumble,RumbleShield,Scrap Shield,W,,,,,,,,,,,,,,,,,,,,,,,,,,,,,,,,,1,,1,,,,,,,,
Rumble,RumbleGrenade,Electro Harpoon,E,,,,,,,,,1,,,,,,,,,,,,,,,,,,,1,1,,,1,,,,,,,,,1,,
Rumble,RumbleCarpetBomb,The Equalizer,R,,,,,,,,,1,,,,,,,,,,,,,,,,,,,,,,,,,,,,,,,,1,,
Ryze,Ryze_P.png,Arcane Mastery,P,,,,,,,,,,,,,,,,,,,,,,,,,,,,,,,,,,,,,,,,,,,
Ryze,RyzeQWrapper,Overload,Q,,,,,,,,,,,,,,,,,,,,,,,,,,,,1,1,,,,1,,,,,,,,1,,
Ryze,RyzeW,Rune Prison,W,,,1,,,,,,1,,,,,,,,,,,,,,,,,,,,,,,,,1,,,,,,,1,,
Ryze,RyzeE,Spell Flux,E,,,,,,,,,,,,,,,,,,,,,,,,,,,,,,,,,,,,,,,,,1,,
Ryze,RyzeR,Realm Warp,R,,,,,,,,,,,,,,,,,,,,,,,1,,,,1,,,,,,,,,,,,,,,,
Samira,SamiraP.png,Daredevil Impulse,P,1,,,,,,,,,,,,,,,,,,,,1,,,,,,,,,,,,1,,,,,,1,,,,
Samira,SamiraQ,Flair,Q,,,,,,,,,,,,,,,,,,,,,,,,,,,,1,1,,,,,,,,,,,1,,,
Samira,SamiraW,Blade Whirl,W,,,,,,,,,,,,,,,,,,,,,,,,,,,,,,,1,,,,,,,,,1,,,
Samira,SamiraE,Wild Rush,E,,,,,,,,,,,,,,,,,,,,1,,,,1,,,,,,,,,,1,,,,,,,1,,
Samira,SamiraR,Inferno Trigger,R,,,,,,,,,,,,,,,,,,,,,,,,,,,,,,,,,,,,,,,,1,,,
Sejuani,Sejuani_passive.png,Fury of the North,P,,,,,,,,,,,,,,,,,,,,,,,,,,,,,,,,,,,,,,,,,,,
Sejuani,SejuaniQ,Arctic Assault,Q,1,,,,,,,,,,,,,,,,,,1,,,,,,,,,1,,,,,,,,,,,,,1,,
Sejuani,SejuaniW,Winter's Wrath,W,,,,,,,,,1,,,,,,,,,,,,,,,,,,,,,,,,,,,,,,,1,,,
Sejuani,SejuaniE,Permafrost,E,,,,,,1,,,,,,,,,,,,,,,,,,,,,,,,,,,,1,,,,,1,,1,,
Sejuani,SejuaniR,Glacial Prison,R,,,,,,1,,,1,,,,,,,,,,,,,,,,,,,,,,,,,,,,,,,,1,,
Senna,Senna_Passive.png,Absolution,P,,,,,,,,,,,,,,,,,,,,,,,,,,,,,,,,,1,,,,,,,,,,
Senna,SennaQ,Piercing Darkness,Q,,,,,,,,,1,,,,,,,,,,,,,,,,,,,,,,,,,1,,,,,,1,,,
Senna,SennaW,Last Embrace,W,,,1,,,,,,,,,,,,,,,,,,,,,,,,,1,1,,,,,,,,,,,1,,,
Senna,SennaE,Curse of the Black Mist,E,,,,,,,,,,,,,,,,,,,,,,,,,,,,,,,,,1,,,,,,,,,,
Senna,SennaR,Dawning Shadow,R,,,,,,,,,,,,,,,,,,,,,,,,,,,,,,,,,,,,,,,,1,,,
Seraphine,Seraphine_Passive.png,Stage Presence,P,,,,,,,,,,,,,,,,,,,,,,,,,,,,,,,,,,,,,,,,,,,
Seraphine,SeraphineQ,High Note,Q,,,,,,,,,,,,,,,,,,,,,,,,,,,,,,,,,,,,,,,,,1,,
Seraphine,SeraphineW,Surround Sound,W,,,,,,,,,,,,,,,,,,,,,,,,,,,,,,,,,1,,1,,,,,,,,
Seraphine,SeraphineE,Beat Drop,E,,,1,,,1,,,1,,,,,,,,,,,,,,,,,,,,,,,,,,,,,,,,1,,
Seraphine,SeraphineR,Encore,R,,1,,,,,,,1,,,,,,,,,,,,,,,,,,,,,,,,,,,,,,,,1,,
Sett,Sett_P.png,Pit Grit,P,,,,,,,,,,,,,,,,,,,,,,,,,,,,,,,,,,,,,,,,,,,
Sett,SettQ,Knuckle Down,Q,,,,,,,,,,,,,,,,,,,,,,,,,,,,,,,,,1,,,,,,1,1,,,
Sett,SettW,Haymaker,W,,,,,,,,,,,,,,,,,,,,,,,,,,,,,,,,,,,1,,,,,1,,1,
Sett,SettE,Facebreaker,E,1,,,,,1,,,1,,,,,,,,,,,,,,,,,,,,,,,,,,,,,,,1,,,
Sett,SettR,The Show Stopper,R,1,,,,,,,,1,,,,,,,,,,,,1,,,,,,,,,,,,,1,,,,,,1,,,
Shaco,Jester_CarefulStrikes.png,Backstab,P,,,,,,,,,,,,,,,,,,,,,,,,,,,,,,,,,,,,,,,,,,,
Shaco,Deceive,Deceive,Q,,,,,,,,,,,,,,,,,,,1,,,,1,,,,,,,,,,,,,,,,,1,,,
Shaco,JackInTheBox,Jack In The Box,W,,1,,,,,,,,,,,,,,,,,,,,,,,,,,,,,,,,,,,,,,,1,,
Shaco,TwoShivPoison,Two-Shiv Poison,E,,,,,,,,,1,,,,,,,,,,,,,,,,,,,,,,,,,1,,,,,,,1,,
Shaco,HallucinateFull,Hallucinate,R,,1,,,,,,,1,,,,,,,,,,,,,,1,,,,1,,,,,,,,,,,,,,1,,
Shen,Shen_Passive.png,Ki Barrier,P,,,,,,,,,,,,,,,,,,,,,,,,,,,,,,,,,,,1,,,,,,,,
Shen,ShenQ,Twilight Assault,Q,,,,,,,,,1,,,,,,,,,,,,,,,,,,,,,,,,,,,,,,,,1,,
Shen,ShenW,Spirit's Refuge,W,,,,,,,,,,,,,,,,,,,,,,,,,,,,,,1,,,,,,,,,,,,,
Shen,ShenE,Shadow Dash,E,,1,,,,,,,,,,,,,,,,,1,,,,,,,,,,,,,,,,,,,,,1,,,
Shen,ShenR,Stand United,R,,,,,,,,,,,,,,,,,,,,,,,1,,,,,,,,,,,1,1,,,,,,,,
Shyvana,Shyvana_Passive.Shyvana_Rework.png,Scalemail,P,,,,,,,,,,,,,,,,,,,,,,,,1,,,,,,,,,,,,,,,,,,,
Shyvana,ShyvanaQ,Emberstrike,Q,,,,,,,,,,,,,,,,,,,,,,,,,,,,,,,,,,,,,,,1,1,1,1,
Shyvana,ShyvanaW,Inferno Aegis,W,,,,,,,,,,,,,,,,,,,,,,,,,,,,,,,,,1,,1,,,,,,1,,
Shyvana,ShyvanaE,Molten Burst,E,,,,,,,,,1,,,,,,,,,,,,,,,,,,,,,,,,,,,,,,,,1,,
Shyvana,ShyvanaR,Dragon's Descent,R,,1,,,,,,,1,,,,,,,,,,1,,,,,,,,,,,,,,,,,,,,,,1,,
Singed,Singed_Passive.png,Noxious Slipstream,P,,,,,,,,,,,,,,,,,,,,,,,,,,,,,,,,,1,,,,,,,,,,
Singed,PoisonTrail,Poison Trail,Q,,,,,,,,,,,,,,,,,,,,,,,,,,,,,,,,,,,,,,,,,1,,
Singed,MegaAdhesive,Mega Adhesive,W,,,,,,,,,1,,1,,,,,,,,,,,,,,,,,,,,,,,,,,,,,,,,
Singed,Fling,Fling,E,1,,1,,,,,,,,,,,,,,,,,,,,,,,,,,,,,,,1,,,,,,,1,,
Singed,InsanityPotion,Insanity Potion,R,,,,,,,,,,,,,,,,,,,,,,,,,,,,,,,,,1,,,,,,,,,,
Sion,Sion_Passive1.png,Glory in Death,P,,,,,,,,,,,,,,,,,,,,,,,,,,,,,,,,,,,,,,,,,,,
Sion,SionQ,Decimating Smash,Q,1,,,,,1,,,1,,,,,,,,,,,,,,,,,,,,,,,,,,,,,,,1,,,
Sion,SionW,Soul Furnace,W,,,,,,,,,,,,,,,,,,,,,,,,1,,,,,,,,,,,1,,,,,,1,,
Sion,SionE,Roar of the Slayer,E,,,,,,,,,1,,,,,,,,,,,,,,,,,,,1,1,,,,,,,,,,,,1,,
Sion,SionR,Unstoppable Onslaught,R,1,,,,,1,,,1,,,,,,,,,,,,,,,,,,,,,,,,1,,,,,,,1,,,
Sivir,Sivir_Passive.png,Fleet of Foot,P,,,,,,,,,,,,,,,,,,,,,,,,,,,,,,,,,1,,,,,,,,,,
Sivir,SivirQ,Boomerang Blade,Q,,,,,,,,,,,,,,,,,,,,,,,,,,,,,,,,,,,,,,,,1,,,
Sivir,SivirW,Ricochet,W,,,,,,,,,,,,,,,,,,,,,,,,,,,,,,,,,,,,,,,1,1,,,
Sivir,SivirE,Spell Shield,E,,,,,,,,,,,,,,,,,,,,,,,,,,,,,,,,,,,,,1,,,,,,
Sivir,SivirR,On The Hunt,R,,,,,,,,,,,,,,,,,,,,,,,,1,,,,,,,,,1,,,,,,,,,,
Skarner,Skarner_Passive.png,Threads of Vibration,P,,,,,,,,,,,,,,,,,,,,,,,,,,,,,,,,,,,,,,,,,,,
Skarner,SkarnerQ,Shattered Earth / Upheaval,Q,,,,,,,,,1,,,,,,,,,,,,,,,,,,,1,1,,,,,,,,,,1,1,,,
Skarner,SkarnerW,Seismic Bastion,W,,,,,,,,,1,,,,,,,,,,,,,,,,,,,,,,,,,,1,,,,,,1,,
Skarner,SkarnerE,Ixtal's Impact,E,,,,,,1,1,,,,,,,,,,,,,,,,,,,,,,,,,,,,,,,,,1,,,
Skarner,SkarnerR,Impale,R,,,,,,,1,,,,,,,,,,,,,,,,,,,,,,,,,,1,,,,,,,,1,,
Smolder,Icons_Smolder_Passive.png,Dragon Practice,P,,,,,,,,,,,,,,,,,,,,,,,,,,,,,,,,,,,,,,,,,,,
Smolder,SmolderQ,Super Scorcher Breath,Q,,,,,,,,,,,,,,,,,,,,,,,,,1,,,,,,,,,1,,,,,,1,1,1,
Smolder,SmolderW,Achooo!,W,,,,,,,,,1,,,,,,,,,,,,,,,,,,,,,,,,,,,,,,,1,1,,
Smolder,SmolderE,Flap,Flap,,,,,,,,,,,,,,,,,,,,,,,,,,,,,,,,,1,,,,,,,1,1,,
Smolder,SmolderR,MMOOOMMMM!,R,,,,,,,,,1,,,,,,,,,,,,,,,,,,,,,,,,,,,,,,,1,,,
Sona,Sona_Passive_Charged.png,Power Chord,P,,,,,,,,,1,,,,,,,,,,,,,,,,,,,,,,,,,,,,,,1,,,,
Sona,SonaQ,Hymn of Valor,Q,,,,,,,,,,,,,,,,,,,,,,,,,,,,,,,,,,,,,,,,,1,,
Sona,SonaW,Aria of Perseverance,W,,,,,,,,,,,,,,,,,,,,,,,,,,,,,,,,,,,1,,,,,,,,
Sona,SonaE,Song of Celerity,E,,,,,,,,,,,,,,,,,,,,,,,,,,,,,,,,,1,,,,,,,,,,
Sona,SonaR,Crescendo,R,,,,,,1,,,,,,,,,,,,,,,,,,,,,,,,,,,,,,,,,,,1,,
Soraka,Soraka_Passive.png,Salvation,P,,,,,,,,,,,,,,,,,,,,,,,,,,,,,,,,,1,,,,,,,,,,
Soraka,SorakaQ,Starcall,Q,,,,,,,,,1,,,,,,,,,,,,,,,,,,,,,,,,,,,,,,,,1,,
Soraka,SorakaW,Astral Infusion,W,,,,,,,,,,,,,,,,,,,,,,,,,,,,,,,,,1,1,,,,,,,,,
Soraka,SorakaE,Equinox,E,,,1,,,,,,,,,,,1,,,,,,,,,,,,,,,,,,,,,,,,,,,1,,
Soraka,SorakaR,Wish,R,,,,,,,,,,,,,,,,,,,,,,,,,,,,,,,,,,,,,,,,,,,
Swain,Swain_P.png,Ravenous Flock,P,,,,,,,,,,,,,,,,,,,,,,,,,,,,,,,,,,,,,,,,,,,
Swain,SwainQ,Death's Hand,Q,,,,,,,,,,,,,,,,,,,,,,,,,,,,,,,,,,,,,,,,,1,,
Swain,SwainW,Vision of Empire,W,,,,,,,,,1,,,,,,,,,,,,,,,,,,,,,,,,,,,,,,,,1,,
Swain,SwainE,Nevermove,E,1,,1,,,,,,,,,,,,,,,,,,,,,,,,,1,1,,,,,,,,,,,,1,,
Swain,SwainR,Demonic Ascension,R,,,,,,,,,1,,,,,,,,,,,,,,,1,,,,,,,,,,,,,,,,,1,,
Sylas,SylasP.png,Petricite Burst,P,,,,,,,,,,,,,,,,,,,,,,,,,,,,,,,,,,,,,,,,,,,
Sylas,SylasQ,Chain Lash,Q,,,,,,,,,1,,,,,,,,,,,,,,,,,,,,,,,,,,,,,,,,1,,
Sylas,SylasW,Kingslayer,W,,,,,,,,,,,,,,,,,,,,,1,,,,,,,,,,,,,1,,,,,,,1,,
Sylas,SylasE,Abscond / Abduct,E,1,,,,,1,,,,,,,,,,,1,,1,,,,,,,,,1,1,,,,,,,,,,,,1,,
Sylas,SylasR,Hijack,R,,,,,,,,,,,,,,,,,,,,,,,,,,,,,,,,,,1,,,,,,,,,
Syndra,SyndraPassive.png,Transcendent,P,,,,,,,,,,,,,,,,,,,,,,,,,,,,,,,,,,,,,,,,,,,
Syndra,SyndraQ,Dark Sphere,Q,,,,,,,,,,,,,,,,,,,,,,,,,,,,,,,,1,,,,,,,,,1,,
Syndra,SyndraW,Force of Will,W,,,,,,,,,1,,,,,,,,,,,,,,,,,,,,,,,,,1,,,,,,,1,1,
Syndra,SyndraE,Scatter the Weak,E,1,,,,,1,,,1,,,,,,,,,,,,,,,,,,,,,,,,,,,,,,,,1,,
Syndra,SyndraR,Unleashed Power,R,,,,,,,,,,,,,,,,,,,,,,,,,1,,,,,,,,,1,,,,,,,1,,
Tahm Kench,TahmKenchP.png,An Acquired Taste,P,,,,,,,,,,,,,,,,,,,,,,,,,,,,,,,,,,,,,,,,,,,
Tahm Kench,TahmKenchQ,Tongue Lash,Q,,,,,,1,,,1,,,,,,,,,,,,,,,,,,,1,1,,,,,,,,,,,,1,,
Tahm Kench,TahmKenchW,Abyssal Dive,W,1,,,,,,,,,,,,,,,,,,,,,,1,,,,,,,,,,,,,,,,,,1,,
Tahm Kench,TahmKenchE,Thick Skin,E,,,,,,,,,,,,,,,,,,,,,,,,,,,,,,,,,,,1,,,,,,,,
Tahm Kench,TahmKenchRWrapper,Devour,R,,,,,,,1,,,,,,,,,,,,,,,,,,,,1,,,,,,1,1,1,,,,,,1,,
Taliyah,Taliyah_Passive.png,Rock Surfing,P,,,,,,,,,,,,,,,,,,,,,,,,,,,,,,,,,1,,,,,,,,,,
Taliyah,TaliyahQ,Threaded Volley,Q,,,,,,,,,1,,,,,,,,,,,,,,,,,,,1,1,,,,,,,,,,,,1,,
Taliyah,TaliyahWVC,Seismic Shove,W,1,,,,,,,,,,,,,,,,,,,,,,,,,,,,,,,,,,,,,,,,,,
Taliyah,TaliyahE,Unraveled Earth,E,,,,,,1,,,1,,,,,,,,,,,,,,,,,,,,,,,,,,,,,,,,1,,
Taliyah,TaliyahR,Weaver's Wall,R,1,,,,,,,,,,,,,,,,,,1,,,,,,,,,,,,,,,,,,,,,,,,
Talon,TalonP.png,Blade's End,P,,,,,,,,,,,,,,,,,,,,,,,,,,,,,,,,,,,,,,,,,,,
Talon,TalonQ,Noxian Diplomacy,Q,,,,,,,,,,,,,,,,,,,,1,,,,,,,,,,,,,,1,,,,,1,1,,,
Talon,TalonW,Rake,W,,,,,,,,,1,,,,,,,,,,,,,,,,,,,,,,,,,,,,,,,1,,,
Talon,TalonE,Assassin's Path,E,,,,,,,,,,,,,,,,,,,,,,1,,,,,,,,,,,,,,,,,,,,,
Talon,TalonR,Shadow Assault,R,,,,,,,,,,,,,,,,,,,,,,,,,,,,,,,,,1,,,,,,,1,,,
Taric,Taric_Passive.png,Bravado,P,,,,,,,,,,,,,,,,,,,,,,,,,,,,,,,,,,,,,,,,,,,
Taric,TaricQ,Starlight's Touch,Q,,,,,,,,,,,,,,,,,,,,,,,,,,,,,,,,1,,,,,,,,,,,
Taric,TaricW,Bastion,W,,,,,,,,,,,,,,,,,,,,,,,,,,,,,,,,,,1,1,,,,,,,,
Taric,TaricE,Dazzle,E,,,,,,1,,,,,,,,,,,,,,,,,,,,,,,,,,,,,,,,,,,1,,
Taric,TaricR,Cosmic Radiance,R,,,,,,,,,,,,,,,,,,,,,,,,,,,1,,,,,,,,,,,,,,,,
Teemo,TeemoPassive.png,Guerrilla Warfare,P,,,,,,,,,,,,,,,,,,,,,,,,,,,,,,,,,,,,,,,,,,,
Teemo,TeemoQ,Blinding Dart,Q,,,,,,,,,,,,,,,,1,,,,,,,,,,,,,,1,,,,1,,,,,,,1,,
Teemo,TeemoW,Move Quick,W,,,,,,,,,,,,,,,,,,,,,,,,,,,,,,,,,1,,,,,,,,,,
Teemo,TeemoE,Toxic Shot,E,,,,,,,,,,,,,,,,,,,,,,,,,,,,,,,,,,,,,,,,,1,,
Teemo,TeemoR,Noxious Trap,R,,,,,,,,,1,,,,,,,,,,,,,,,,,,,,,,,1,,,,,,,,,1,,
Thresh,Thresh_Passive.png,Damnation,P,,,,,,,,,,,,,,,,,,,,,,,,,,,,,,,,,,,,,,,,,,,
Thresh,ThreshQ,Death Sentence,Q,1,,,,,1,,,1,,,,,,,,1,,,,,,,,,,,1,1,,,,,,,,,,,,1,,
Thresh,ThreshW,Dark Passage,W,,,,,,,,,,,,,,,,,1,,,,,,,,,,,,,,,,,,1,,,,,,,,
Thresh,ThreshE,Flay,E,1,,,,,,,,1,,,,,,,,,,,,,,,,,,,,,,,,,,,,,,,,1,,
Thresh,ThreshRPenta,The Box,R,,,,,,,,,1,,,,,,,,,,,,,,,,,,,,,,,,,,,,,,,,1,,
Tristana,Tristana_Passive.png,Draw a Bead,P,,,,,,,,,,,,,,,,,,,,,,,,,,,,,,,,,,,,,,,,,,,
Tristana,TristanaQ,Rapid Fire,Q,,,,,,,,,,,,,,,,,,,,,,,,,,,,,,,,,,,,,,,,,,,
Tristana,TristanaW,Rocket Jump,W,,,,,,,,,1,,,,,,,,,,1,,,,,1,,,,,,,,,,,,,,,,,1,,
Tristana,TristanaE,Explosive Charge,E,,,,,,,,,,,,,,,,,,,,,,,,,,,,,,,,,,1,,,,,,1,1,,
Tristana,TristanaR,Buster Shot,R,1,,,,,1,,,,,,,,,,,,,,,,,,,,,,,,,,,,1,,,,,,,1,,
Trundle,Trundle_Passive.png,King's Tribute,P,,,,,,,,,,,,,,,,,,,,,,,,,,,,,,,,,,,,,,,,,,,
Trundle,TrundleTrollSmash,Chomp,Q,,,,,,,,,1,,,,,,,,,,,,,,,,,,,,,,,,,,,,,,1,1,,,
Trundle,trundledesecrate,Frozen Domain,W,,,,,,,,,,,,,,,,,,,,,,,,,,,,,,,,,1,,,,,,,,,,
Trundle,TrundleCircle,Pillar of Ice,E,1,,,,,,,,1,,,,,,,,,,,,,,,,,,,,,,,,,,,,,,,,,,
Trundle,TrundlePain,Subjugate,R,,,,,,,,,,,,,,,,,,,,,,,,,,,,,,,,,,1,,,,,,,1,,
Tryndamere,Tryndamere_Passive.png,Battle Fury,P,,,,,,,,,,,,,,,,,,,,,,,,,,,,,,,,,,,,,,,,,,,
Tryndamere,TryndamereQ,Bloodlust,Q,,,,,,,,,,,,,,,,,,,,,,,,,,,,,,,,,,,,,,,,,,,
Tryndamere,TryndamereW,Mocking Shout,W,,,,,,,,,1,,,,,,,,,,,,,,,,,,,,,,,,,,,,,,,,,,
Tryndamere,TryndamereE,Spinning Slash,E,,,,,,,,,,,,,,,,,,,1,,,,,,,,,,,,,,,,,,,,,1,,,
Tryndamere,UndyingRage,Undying Rage,R,,,,,,,,,,,,,,,,,,,,,,,,,,,,,,,,,,,,,,,,,,,
Twisted Fate,Cardmaster_SealFate.png,Loaded Dice,P,,,,,,,,,,,,,,,,,,,,,,,,,,,,,,,,,,,,,,,,,,,
Twisted Fate,WildCards,Wild Cards,Q,,,,,,,,,,,,,,,,,,,,,,,,,,,,,,,,,,,,,,,,,1,,
Twisted Fate,PickACard,Pick a Card,W,,,,,,1,,,1,,,,,,,,,,,,,,,,,,,,,,,,,,,,,,1,,1,,
Twisted Fate,CardmasterStack,Stacked Deck,E,,,,,,,,,,,,,,,,,,,,,,,,,,,,,,,,,,,,,,,,,1,,
Twisted Fate,Destiny,Destiny,R,,,,,,,,,,,,,,,,,,,,,,,1,,,,,,,,,,,,,,,,,,,,
Twitch,Twitch_Passive.png,Deadly Venom,P,,,,,,,,,,,,,,,,,,,,,,,,,,,,,,,,,,,,,,,,,,,
Twitch,TwitchHideInShadows,Ambush,Q,,,,,,,,,,,,,,,,,,,,,,,,,,,,,,,,,1,,,,,,,,,,
Twitch,TwitchVenomCask,Venom Cask,W,,,,,,,,,1,,,,,,,,,,,,,,,,,,,,,,,,,,,,,,,,,,
Twitch,TwitchExpunge,Contaminate,E,,,,,,,,,,,,,,,,,,,,,,,,,,,,,,,,,,,,,,,,1,1,,
Twitch,TwitchFullAutomatic,Spray and Pray,R,,,,,,,,,,,,,,,,,,,,,,,,,,,,,,,,,,,,,,,,,,,
Udyr,Udyr_P.png,Bridge Between,P,,,,,,,,,,,,,,,,,,,,,,,,,,,,,,,,,,,,,,,,,,,
Udyr,UdyrQ,Wilding Claw,Q,,,,,,,,,,,,,,,,,,,,,,,,,,,,,,,,,,,,,,,,1,1,,
Udyr,UdyrW,Iron Mantle,W,,,,,,,,,,,,,,,,,,,,,,,,,,,,,,,,,,,1,,,,,,,,
Udyr,UdyrE,Blazing Stampede,E,,,,,,1,,,,,,,,,,,,,,,1,,,,,,,,,,,,1,,,,,,,,,,
Udyr,UdyrR,Wingborne Storm,R,,,,,,,,,1,,,,,,,,,,,,,,,,,,,,,,,,,,,,,,,,1,,
Urgot,Urgot_Passive.png,Echoing Flames,P,,,,,,,,,,,,,,,,,,,,,,,,,,,,,,,,,,,,,,,,,,,
Urgot,UrgotQ,Corrosive Charge,Q,,,,,,,,,1,,,,,,,,,,,,,,,,,,,,,,,,,,,,,,,1,,,
Urgot,UrgotW,Purge,W,,,,,,,,,,,,,,,,,,,,,,,,,,,,,,,,,,,,,,,,1,,,
Urgot,UrgotE,Disdain,E,1,,,,,1,,,,,,,,,,,,1,,,,,,,,,,,,,,,,,1,,,,,1,,,
Urgot,UrgotR,Fear Beyond Death,R,,,,,,,1,,1,,,,,,,,,,,,,,,,1,,,1,,,,,,,,,,,,1,,,
Varus,VarusPassive.png,Living Vengeance,P,,,,,,,,,,,,,,,,,,,,,,,,1,,,,,,,,,,,,,,,,,,,
Varus,VarusQ,Piercing Arrow,Q,,,,,,,,,,,,,,,,,,,,,,,,,,,,,,,,,,,,,,,,1,,,
Varus,VarusW,Blighted Quiver,W,,,,,,,,,,,,,,,,,,,,,,,,,,,,,,,,,,,,,,,,,1,,
Varus,VarusE,Hail of Arrows,E,,,,,,,,,1,,,,,,,,,,,,,,,,,,,,,,,,,,,,,,,1,,,
Varus,VarusR,Chain of Corruption,R,,,1,,,,,,,,,,,,,,,,,,,,,,,,,1,,,,,,,,,,,,,1,,
Vayne,Vayne_NightHunter.png,Night Hunter,P,,,,,,,,,,,,,,,,,,,,,,,,,,,,,,,,,1,,,,,,,,,,
Vayne,VayneTumble,Tumble,Q,,,,,,,,,,,,,,,,,,,1,,,,,,,,,,,,,,,,,,,,1,1,,,
Vayne,VayneSilveredBolts,Silver Bolts,W,,,,,,,,,,,,,,,,,,,,,,,,,,,,,,,,,,,,,,,,,,1,
Vayne,VayneCondemn,Condemn,E,1,,,,,1,,,,,,,,,,,,,,,,,,,,,,,,,,,,1,,,,,,1,,,
Vayne,VayneInquisition,Final Hour,R,,,,,,,,,,,,,,,,,,,,,,,,1,,,,,,,,,,,,,,,,1,,,
Veigar,VeigarEntropy.png,Phenomenal Evil Power,P,,,,,,,,,,,,,,,,,,,,,,,,1,,,,,,,,,,,,,,,,,,,
Veigar,VeigarBalefulStrike,Baleful Strike,Q,,,,,,,,,,,,,,,,,,,,,,,,,,,,1,1,,,,,,,,,,,,1,,
Veigar,VeigarDarkMatter,Dark Matter,W,,,,,,,,,,,,,,,,,,,,,,,,,,,,,,,,,,,,,,,,,1,,
Veigar,VeigarEventHorizon,Event Horizon,E,,,,,,1,,,,,,,,,,,,,,,,,,,,,,,,,,,,,,,,,,,,,
Veigar,VeigarR,Primordial Burst,R,,,,,,,,,,,,,,,,,,,,,,,,,,,,,,,,,,1,,,,,,,1,,
Vel'Koz,VelKoz_Passive.png,Organic Deconstruction,P,,,,,,,,,,,,,,,,,,,,,,,,,,,,,,,,,,,,,,,,,,,
Vel'Koz,VelkozQ,Plasma Fission,Q,,,,,,,,,1,,,,,,,,,,,,,,,,,,,1,1,,,,,,,,,,,,1,,
Vel'Koz,VelkozW,Void Rift,W,,,,,,,,,,,,,,,,,,,,,,,,,,,,,,,,1,,,,,,,,,1,,
Vel'Koz,VelkozE,Tectonic Disruption,E,1,,,,,1,,,,,,,,,,,,,,,,,,,,,,,,,,,,,,,,,,,1,,
Vel'Koz,VelkozR,Life Form Disintegration Ray,R,,,,,,,,,1,,,,,,,,,,,,,,,,,,,,,,,,,,,,,,,,1,1,
Vex,Icons_Vex_Passive.png,Doom 'n Gloom,P,,1,,,,,,,1,,,,,,,,,,,,,,,,,,,,,,,,,,,,,,,,,,
Vex,VexQ,Mistral Bolt,Q,,,,,,,,,,,,,,,,,,,,,,,,,,,,,,,,,,,,,,,,,1,,
Vex,VexW,Personal Space,W,,,,,,,,,,,,,,,,,,,,,,,,,,,,,,,,,,,1,,,,,,1,,
Vex,VexE,Looming Darkness,E,,,,,,,,,1,,,,,,,,,,,,,,,,,,,,,,,,,,,,,,,,1,,
Vex,VexR,Shadow Surge,R,,,,,,,,,,,,,,,,,1,,,,,,,1,,,,1,,,,,,,,,,,,,1,,
Vi,ViPassive.png,Blast Shield,P,,,,,,,,,,,,,,,,,,,,,,,,,,,,,,,,,,,1,,,,,,,,
Vi,ViQ,Vault Breaker,Q,1,,,,,,,,,,,,,,,,,1,,,,,,,,,,1,,,,,,,,,,,,1,,,
Vi,ViW,Denting Blows,W,,,,,,,,,,,,,,,,,,,,,,,,,,,,,,,,,,,,,,,,1,,,
Vi,ViE,Relentless Force,E,,,,,,,,,,,,,,,,,,,,,,,,,,,,,,,,1,,,,,,,1,1,,,
Vi,ViR,Cease and Desist,R,1,,,,,1,,,,,,,,,,,,,,1,,,,,,,,,,,,,,1,,,,,,1,,,
Viego,Viego_Passive.png,Sovereign's Domination,P,,,,,,,,,,,,,,,,,,,,,,,1,1,,,1,,,,,,1,,,,,,,,,,
Viego,ViegoQ,Blade of the Ruined King,Q,,,,,,,,,,,,,,,,,,,,,,,,,,,,,,,,,,,,,,,,1,,,
Viego,ViegoW,Spectral Maw,W,,,,,,1,,,,,,,,,,,,1,,,,,,,,,,1,1,,,,,,,,,,1,,1,,
Viego,ViegoE,Harrowed Path,E,,,,,,,,,,,,,,,,,,,,,,,,,,,,,,,,,1,,,,,,,,,,
Viego,ViegoR,Heartbreaker,R,1,,,,,,,,1,,,,,,,,,,,,,,1,1,,,,,,,,,,,,,,,,1,,,
Viktor,Viktor_Passive.png,Glorious Evolution,P,,,,,,,,,1,,,,,,,,,,,,,,,1,,,,,,,,,,,,,,,,,,,
Viktor,ViktorQ,Siphon Power,Q,,,,,,,,,,,,,,,,,,,,,,,,,,,,,,,,,1,1,1,,,,,,1,,
Viktor,ViktorW,Gravity Field,W,,,,,,1,,,1,,,,,,,,,,,,,,,,,,,,,,,,,,,,,,,,,,
Viktor,ViktorE,Hextech Ray,E,,,,,,,,,,,,,,,,,,,,,,,,,,,,,,,,,,,,,,,,,1,,
Viktor,ViktorR,Arcane Storm,R,,,,,,,,,,,,,,,,,,,,,,,,1,,,,,,,,,,,,,,,,,1,,
Vladimir,VladimirP.png,Crimson Pact,P,,,,,,,,,,,,,,,,,,,,,,,,,,,,,,,,,,,,,,,,,,,
Vladimir,VladimirQ,Transfusion,Q,,,,,,,,,,,,,,,,,,,,,,,,,,,,,,,,,1,1,,,,,,,1,,
Vladimir,VladimirSanguinePool,Sanguine Pool,W,,,,,,,,,1,,,,,,,,,,,,,,,,,,1,,,,,,1,,,,,,,,1,,
Vladimir,VladimirE,Tides of Blood,E,,,,,,,,,1,,,,,,,,,,,,,,,,,,,1,1,,,,,,,,,,,,1,,
Vladimir,VladimirHemoplague,Hemoplague,R,,,,,,,,,,,,,,,,,,,,,,,,,,,,,,,,,,,,,,,,,1,,
Volibear,Volibear_Icon_P.png,The Relentless Storm,P,,,,,,,,,,,,,,,,,,,,,,,,,,,,,,,,,,,,,,,,,,,
Volibear,VolibearQ,Thundering Smash,Q,,,,,,1,,,,,,,,,,,,,,,1,,,,,,,,,,,,1,,,,,,1,1,,,
Volibear,VolibearW,Frenzied Maul,W,,,,,,,,,,,,,,,,,,,,,,,,,,,,,,,,,,1,,,,,,1,,,
Volibear,VolibearE,Sky Splitter,E,,,,,,,,,1,,,,,,,,,,,,,,,,,,,,,,,,,,1,,,,,,1,,
Volibear,VolibearR,Stormbringer,R,,,,,,,,,1,,,,,,,,,,1,,,,,,,,,,,,,,,,,,,,,1,,,
Warwick,WarwickP.png,Eternal Hunger,P,,,,,,,,,,,,,,,,,,,,,,,,,,,,,,,,,,,,,,,,,,,
Warwick,WarwickQ,Jaws of the Beast,Q,,,,,,,,,,,,,,,,,1,,,,,,,,,,,,,,,,,1,,,,,,,1,,
Warwick,WarwickW,Blood Hunt,W,,,,,,,,,,,,,,,,,,,,,,,,,,,,,,,,,1,,,,,,,,,,
Warwick,WarwickE,Primal Howl,E,,1,,,,,,,1,,,,,,,,,,,,,,,,,,,,,,,,,,,,,,,,,,
Warwick,WarwickR,Infinite Duress,R,,,,,,,1,,,,,,,,,,,1,,,,,,,,,,1,,,,,,,,,,,,,1,,
Wukong,MonkeyKingStoneSkin.png,Stone Skin,P,,,,,,,,,,,,,,,,,,,,,,,,,,,,,,,,,,,,,,,,,,,
Wukong,MonkeyKingDoubleAttack,Crushing Blow,Q,,,,,,,,,,,,,,,,,,,,,,,,,,,,,,,,,,,,,,,1,1,,,
Wukong,MonkeyKingDecoy,Warrior Trickster,W,,,,,,,,,,,,,,,,,,1,,,,,,,,,,,,,,,,,,,,,,,,,
Wukong,MonkeyKingNimbus,Nimbus Strike,E,,,,,,,,,,,,,,,,,,,,1,,,,,,,,,,,,,,1,,,,,,,1,,
Wukong,MonkeyKingSpinToWin,Cyclone,R,1,,,,,,,,,,,,,,,,,,,,,,,,,,,,,,,,1,,,,,,,1,,,
Xayah,XayahPassive.png,Clean Cuts,P,,,,,,,,,,,,,,,,,,,,,,,,,,,,,,,,,,,,,,,,,,,
Xayah,XayahQ,Double Daggers,Q,,,,,,,,,,,,,,,,,,,,,,,,,,,,,,,,,,,,,,,,1,,,
Xayah,XayahW,Deadly Plumage,W,,,,,,,,,,,,,,,,,,,,,,,,,,,,,,,,,1,,,,,,,,,,
Xayah,XayahE,Bladecaller,E,,,1,,,,,,,,,,,,,,,,,,,,,,,,,,,,,,,,,,,,,1,,,
Xayah,XayahR,Featherstorm,R,,,,,,,,,,,,,,,,,,,,,,,,,,,1,,,,,,,,,,,,,1,,,
Xerath,Xerath_Passive1.png,Mana Surge,P,,,,,,,,,,,,,,,,,,,,,,,,,,,,,,,,,,,,,,,,,,,
Xerath,XerathArcanopulseChargeUp,Arcanopulse,Q,,,,,,,,,,,,,,,,,,,,,,,,,,,,,,,,,,,,,,,,,1,,
Xerath,XerathArcaneBarrage2,Eye of Destruction,W,,,,,,,,,1,,,,,,,,,,,,,,,,,,,,,,,,,,,,,,,,1,,
Xerath,XerathMageSpear,Shocking Orb,E,,,,,,1,,,,,,,,,,,,,,,,,,,,,,1,1,,,,,,,,,,,,1,,
Xerath,XerathLocusOfPower2,Rite of the Arcane,R,,,,,,,,,,,,,,,,,,,,,,,,,,,,,,,,1,,,,,,,,,1,,
Xin Zhao,XinZhaoReworkP.png,Determination,P,,,,,,,,,,,,,,,,,,,,,,,,,,,,,,,,,,,,,,,,,,,
Xin Zhao,XinZhaoQ,Three Talon Strike,Q,1,,,,,,,,,,,,,,,,,,,,,,,,,,,,,,,,,,,,,,1,1,,,
Xin Zhao,XinZhaoW,Wind Becomes Lightning,W,,,,,,,,,1,,,,,,,,,,,,,,,,,,,,,,,,,,,,,,,1,,,
Xin Zhao,XinZhaoE,Audacious Charge,E,,,,,,,,,1,,,,,,,,,,,1,,,,,,,,,,,,,,1,,,,,,,1,,
Xin Zhao,XinZhaoR,Crescent Guard,R,1,,,,,1,,,,,,,,,,,,,,,,,,,,,1,,,,,,,,,,,,,1,,,
Yasuo,Yasuo_Passive.png,Way of the Wanderer,P,,,,,,,,,,,,,,,,,,,,,,,,,,,,,,,,,,,1,,,,,,,,
Yasuo,YasuoQ1Wrapper,Steel Tempest,Q,1,,,,,,,,,,,,,,,,,,,,,,,,,,,,,,,,,,,,,,,1,,,
Yasuo,YasuoW,Wind Wall,W,,,,,,,,,,,,,,,,,,,,,,,,,,,,,,,1,,,,,,,,,,,,
Yasuo,YasuoE,Sweeping Blade,E,,,,,,,,,,,,,,,,,,,,,,,,,,,,,,,,,,1,,,,,,,1,,
Yasuo,YasuoR,Last Breath,R,1,,,,,,,,,,,,,,,,,,,,,,1,,,,,,,,,,,1,,,,,,1,,,
Yone,YonePassive.png,Way of the Hunter,P,,,,,,,,,,,,,,,,,,,,,,,,,,,,,,,,,,,,,,,,,,,
Yone,YoneQ,Mortal Steel,Q,1,,,,,,,,,,,,,,,,,1,,,,,,,,,,,,,,,,,,,,,,1,,,
Yone,YoneW,Spirit Cleave,W,,,,,,,,,1,,,,,,,,,,,,,,,,,,,,,,,,,,1,,,,,1,1,,
Yone,YoneE,Soul Unbound,E,,,,,,,,,,,,,,,,,1,1,,,,,,,,,,,,,,,1,,,,,,,,,,
Yone,YoneR,Fate Sealed,R,1,,,,,1,,,,,,,,,,,,,,,,,1,,,,,,,,,,,,,,,,,1,1,,
Yorick,Yorick_P.png,Shepherd of Souls,P,,,,,,,,,,,,,,,,,,,,,,,,,,,,,,,,,,,,,,,,,,,
Yorick,YorickQ,Last Rites,Q,,,,,,,,,,,,,,,,,,,,,,,,,,,,,,,,,,,,,,,1,1,,,
Yorick,YorickW,Dark Procession,W,1,,,,,,,,,,,,,,,,,,,,,,,,,,,,,,,,,,,,,,,,,,
Yorick,YorickE,Mourning Mist,E,,,,,,,,,1,,,,,,,,,,,,,,,,,,,,,,,,1,,,,,,,,1,,
Yorick,YorickR,Eulogy of the Isles,R,,,,,,,,,,,,,,,,,,,,,,,,,,,,,,,,,,,,,,,,,1,,
Yunara,Yunara_Passive.png,Vow of the First Lands,P,,,,,,,,,,,,,,,,,,,,,,,,,,,,,,,,,,,,,,,,,,,
Yunara,YunaraQ,Cultivation of Spirit,Q,,,,,,,,,,,,,,,,,,,,,,,,,,,,,,,,,,,,,,,1,1,1,,
Yunara,YunaraW,Arc of Judgment | Arc of Ruin,W,,,,,,,,,1,,,,,,,,,,,,,,,,,,,1,1,,,,,,,,,,,,1,,
Yunara,YunaraE,Kanmei's Steps | Untouchable Shadow,E,,,,,,,,,,,,,,,,,,1,,,,,,,,,,,,,,,1,,,,,,,,,,
Yunara,YunaraR,Transcend One's Self,R,,,,,,,,,,,,,,,,,,,,,,,,,,,,,,,,,,,,,,,,,,,
Yuumi,YuumiP2.png,Feline Friendship,P,,,,,,,,,,,,,,,,,,,,,,,,,,,,,,,,,,,,,,,,,,,
Yuumi,YuumiQ,Prowling Projectile,Q,,,,,,,,,1,,,,,,,,,,,,,,,,,,,1,1,,,,,,,,,,,,1,,
Yuumi,YuumiW,You and Me!,W,,,,,,,,,,,,,,,,,,,,1,,,,,,,1,,,,,,,1,,,,,,,,,
Yuumi,YuumiE,Zoomies,E,,,,,,,,,,,,,,,,,,,,,,,,,,,,,,,,,1,,1,,,,,,1,,
Yuumi,YuumiR,Final Chapter,R,,,,,,,,,1,,,,,,,,,,,,,,,,,,,,,,,,,,1,,,,,,1,,
Zaahen,ZaahenP.png,Cultivation of War,P,,,,,,,,,,,,,,,,,,,,,,,,,,,1,,,,,,,,,,,,,,,,
Zaahen,ZaahenQ,The Darkin Glaive,Q,1,,,,,,,,,,,,,,,,,,,,,,,,,,,,,,,,,1,,,,,1,1,,,
Zaahen,ZaahenW,Dreaded Return,W,1,,,,,1,,,,,,,,,,,,,,,,,,,,,,,,,,,,,,,,,,1,,,
Zaahen,ZaahenE,Aureate Rush,E,,,,,,,,,,,,,,,,,,,1,,,,,,,,,,,,,,,,,,,,,1,1,,
Zaahen,ZaahenR,Grim Deliverance,R,,,,,,,,,,,,,,,,,,,1,,,,,,,,,,,,,,,,,,,,,1,,,
Zac,ZacPassive.png,Cell Division,P,,,,,,,,,,,,,,,,,,,,,,,,,,,,,,,,,,,,,,,,,,,
Zac,ZacQ,Stretching Strikes,Q,1,,,,,1,,,1,,,,,,,,,,,,,,,,,,,1,1,,,,,,,,,,1,,1,,
Zac,ZacW,Unstable Matter,W,,,,,,,,,,,,,,,,,,,,,,,,,,,,,,,,,,,,,,,,,1,,
Zac,ZacE,Elastic Slingshot,E,1,,,,,1,,,,,,,,,,,,,1,,,,,,,,,,,,,,,,,,,,,,1,,
Zac,ZacR,Let's Bounce!,R,1,,,,,,,,1,,,,,,,,,,,,,,,,,,,,,,,,1,,,,,,,,1,,
Zed,ZedP.png,Contempt for the Weak,P,,,,,,,,,,,,,,,,,,,,,,,,,,,,,,,,,,,,,,,,,,,
Zed,ZedQ,Razor Shuriken,Q,,,,,,,,,,,,,,,,,,,,,,,,,,,,,,,,,,,,,,,,1,,,
Zed,ZedW,Living Shadow,W,,,,,,,,,,,,,,,,,,,,,,,1,,,,,,,,,,,,,,,,,,,,
Zed,ZedE,Shadow Slash,E,,,,,,,,,1,,,,,,,,,,,,,,,,,,,,,,,,,,,,,,,1,,,
Zed,ZedR,Death Mark,R,,,,,,,,,,,,,,,,,,,,1,,,1,,,,1,,,,,,,1,,,,,,1,,,
Zeri,ZeriP.png,Living Battery,P,,,,,,,,,,,,,,,,,,,,,,,,,1,,,,,,,,,,,,,,,,,,
Zeri,ZeriQ,Burst Fire,Q,,,,,,,,,,,,,,,,,,,,,,,,,,,,,,,,,,,,,,,,1,,,
Zeri,ZeriW,Ultrashock Laser,W,,,,,,,,,1,,,,,,,,,,,,,,,,,,,1,1,,,,,,,,,,,1,,,
Zeri,ZeriE,Spark Surge,E,,,,,,,,,,,,,,,,,,1,,,,,,,,,,,,,,,,,,,,,1,,1,,
Zeri,ZeriR,Lightning Crash,R,,,,,,,,,,,,,,,,,,,,,,,,,,,,,,,,,1,,,,,,,1,1,,
Ziggs,ZiggsPassiveReady.png,Short Fuse,P,,,,,,,,,,,,,,,,,,,,,,,,,,,,,,,,,,,,,,,,,,,
Ziggs,ZiggsQ,Bouncing Bomb,Q,,,,,,,,,,,,,,,,,,,,,,,,,,,,1,1,,,,,,,,,,,,1,,
Ziggs,ZiggsW,Satchel Charge,W,1,,,,,,,,,,,,,,,,1,,,,,,,,,,,,,,,,,,,,,,,,1,,
Ziggs,ZiggsE,Hexplosive Minefield,E,,,,,,,,,1,,,,,,,,,,,,,,,,,,,,,,,,,,,,,,,,1,,
Ziggs,ZiggsR,Mega Inferno Bomb,R,,,,,,,,,,,,,,,,,,,,,,,,,,,,,,,,,,,,,,,,,1,,
Zilean,Zilean_Passive.png,Time In A Bottle,P,,,,,,,,,,,,,,,,,,,,,,,,,,,,,,,,,,,,,,,,,,,
Zilean,ZileanQ,Time Bomb,Q,,,,,,1,,,,,,,,,,,,,,,,,,,,,,1,1,,,,,,,,,,,,1,,
Zilean,ZileanW,Rewind,W,,,,,,,,,,,,,,,,,,,,,,,,,,,,,,,,,,,,,,,,,,,
Zilean,TimeWarp,Time Warp,E,,,,,,,,,1,,,,,,,,,,,,,,,,,,,,,,,,1,1,,,,,,,,,
Zilean,ChronoShift,Chronoshift,R,,,,,,,,,,,,,,,,,,,,,,,,,,,1,,,,,,,1,,,,,,,,,
Zoe,Zoe_P.png,More Sparkles!,P,,,,,,,,,,,,,,,,,,,,,,,,,,,,,,,,,,,,,,,,,,,
Zoe,ZoeQ,Paddle Star!,Q,,,,,,,,,,,,,,,,,,,,,,,,,,,,1,1,,,,,,,,,,,,1,,
Zoe,ZoeW,Spell Thief,W,,,,,,,,,,,,,,,,,,,,,,,,,,,,,,,,,1,,,,,,,,1,,
Zoe,ZoeE,Sleepy Trouble Bubble,E,,,,1,,,,,1,,,,,,1,,,,,,,,,,,,,1,1,,,,,,,,,,,,1,1,
Zoe,ZoeR,Portal Jump,R,,,,,,,,,,,,,,,,,,,,,,,1,,,,,,,,,,,,,,,,1,,,,
Zyra,ZyraP.png,Garden of Thorns,P,,,,,,,,,,,,,,,,,,,,,,,,,,,,,,,,,,,,,,,,,,,
Zyra,ZyraQ,Deadly Spines,Q,,,,,,,,,,,,,,,,,,,,,,,,,,,,,,,,,,,,,,,,,1,,
Zyra,ZyraW,Rampant Growth,W,,,,,,,,,,,,,,,,,,,,,,,,1,,,,,,,,1,,,,,,,,,,,
Zyra,ZyraE,Grasping Roots,E,,,1,,,,,,1,,,,,,,,,,,,,,,,,,,,,,,,,,,,,,,,1,,
Zyra,ZyraR,Stranglethorns,R,1,,,,,,,,,,,,,,,,,,,,,,,,,,,,,,,,,,,,,,,,1,,